Item_Store_ID,Item_Store_Returns
DRA59_BABATUNJI010,709.08
DRA59_BABATUNJI013,6381.69
DRB01_BABATUNJI013,6381.69
DRB13_BABATUNJI010,2127.23
DRB13_BABATUNJI013,2481.77
DRB25_BABATUNJI017,9572.54
DRB25_BABATUNJI027,818.93
DRB25_BABATUNJI035,11055.61
DRB48_BABATUNJI017,2866.27
DRB48_BABATUNJI027,1228.4
DRB48_BABATUNJI035,12284.01
DRB48_BABATUNJI046,8598.81
DRB48_BABATUNJI049,2456.8
DRC01_BABATUNJI017,6015.5
DRC01_BABATUNJI018,11105.54
DRC01_BABATUNJI027,1388.19
DRC01_BABATUNJI045,17583.78
DRC01_BABATUNJI046,11105.54
DRC13_BABATUNJI035,3239.12
DRC13_BABATUNJI045,1423.15
DRC25_BABATUNJI018,3795.06
DRC25_BABATUNJI019,8538.89
DRC25_BABATUNJI027,1423.15
DRC25_BABATUNJI045,9013.27
DRC25_BABATUNJI046,4633.97
DRC27_BABATUNJI010,5406.3
DRC27_BABATUNJI018,10426.43
DRC27_BABATUNJI049,10040.26
DRC36_BABATUNJI013,535.97
DRD01_BABATUNJI017,5091.71
DRD01_BABATUNJI018,4287.75
DRD01_BABATUNJI035,392.82
DRD01_BABATUNJI045,1669.49
DRD01_BABATUNJI049,1478.08
DRD12_BABATUNJI017,8092.8
DRD12_BABATUNJI018,6188.61
DRD12_BABATUNJI027,5712.56
DRD12_BABATUNJI035,2380.24
DRD12_BABATUNJI045,4618.99
DRD12_BABATUNJI046,2463.46
DRD13_BABATUNJI017,8458.99
DRD13_BABATUNJI018,7305.49
DRD13_BABATUNJI027,429.44
DRD13_BABATUNJI035,4509.13
DRD13_BABATUNJI045,4913.6
DRD13_BABATUNJI049,14126.61
DRD15_BABATUNJI010,3685.2
DRD15_BABATUNJI013,10944.09
DRD15_BABATUNJI046,14446.2
DRD15_BABATUNJI049,3064.34
DRD24_BABATUNJI027,4815.4
DRD25_BABATUNJI027,10066.9
DRD25_BABATUNJI035,6112.04
DRD25_BABATUNJI045,5033.45
DRD27_BABATUNJI017,4332.69
DRD27_BABATUNJI019,4154.59
DRD27_BABATUNJI045,1742.73
DRD37_BABATUNJI017,5228.19
DRD37_BABATUNJI018,9294.57
DRD37_BABATUNJI045,354.54
DRD37_BABATUNJI046,7445.31
DRD37_BABATUNJI049,4254.46
DRD49_BABATUNJI046,4254.46
DRD60_BABATUNJI013,4963.54
DRE01_BABATUNJI010,6381.69
DRE01_BABATUNJI046,1131.86
DRE03_BABATUNJI017,5659.3
DRE03_BABATUNJI018,1131.86
DRE03_BABATUNJI035,5942.27
DRE03_BABATUNJI045,2546.69
DRE03_BABATUNJI046,3720.16
DRE03_BABATUNJI049,5704.24
DRE12_BABATUNJI027,466.06
DRE12_BABATUNJI035,3262.42
DRE12_BABATUNJI045,11917.82
DRE13_BABATUNJI027,13109.6
DRE13_BABATUNJI035,9534.26
DRE13_BABATUNJI045,4544.09
DRE13_BABATUNJI049,454.41
DRE15_BABATUNJI017,4998.49
DRE15_BABATUNJI018,14086.66
DRE15_BABATUNJI019,8633.76
DRE15_BABATUNJI027,118.18
DRE15_BABATUNJI045,3678.55
DRE15_BABATUNJI046,3112.62
DRE25_BABATUNJI017,3961.51
DRE25_BABATUNJI027,4360.99
DRE25_BABATUNJI035,4427.57
DRE27_BABATUNJI035,6524.84
DRE27_BABATUNJI045,489.36
DRE48_BABATUNJI013,1957.45
DRE48_BABATUNJI046,2446.82
DRE60_BABATUNJI013,2691.5
DRF03_BABATUNJI018,8036.21
DRF03_BABATUNJI027,472.72
DRF03_BABATUNJI035,4727.18
DRF03_BABATUNJI045,3309.03
DRF03_BABATUNJI046,7090.77
DRF03_BABATUNJI049,3941.54
DRF25_BABATUNJI019,10346.53
DRF25_BABATUNJI027,22171.14
DRF25_BABATUNJI035,8375.76
DRF25_BABATUNJI045,3941.54
DRF25_BABATUNJI046,379.51
DRF25_BABATUNJI049,6072.1
DRF36_BABATUNJI010,5692.59
DRF37_BABATUNJI013,3415.55
DRF37_BABATUNJI018,19354.81
DRF37_BABATUNJI035,6072.100000000001
DRF37_BABATUNJI045,6831.11
DRF49_BABATUNJI035,6451.6
DRF49_BABATUNJI045,6072.100000000001
DRF51_BABATUNJI018,3961.51
DRF51_BABATUNJI045,1697.79
DRF51_BABATUNJI046,9620.81
DRF60_BABATUNJI018,19241.62
DRF60_BABATUNJI049,17543.83
DRG01_BABATUNJI019,4738.83
DRG01_BABATUNJI027,4374.31
DRG01_BABATUNJI035,4374.31
DRG01_BABATUNJI046,729.05
DRG11_BABATUNJI045,4738.83
DRG15_BABATUNJI017,4738.83
DRG15_BABATUNJI035,2916.2
DRG15_BABATUNJI045,6196.93
DRG15_BABATUNJI046,203.07
DRG15_BABATUNJI049,1827.62
DRG25_BABATUNJI013,8345.8
DRG27_BABATUNJI018,9434.39
DRG27_BABATUNJI019,2902.89
DRG27_BABATUNJI045,9071.53
DRG27_BABATUNJI046,3991.47
DRG27_BABATUNJI049,6531.5
DRG36_BABATUNJI013,765.67
DRG39_BABATUNJI018,4976.86
DRG39_BABATUNJI046,765.67
DRG39_BABATUNJI049,3062.68
DRG49_BABATUNJI010,436.1
DRG49_BABATUNJI018,9158.08
DRH03_BABATUNJI018,5233.19
DRH03_BABATUNJI019,17880.06
DRH03_BABATUNJI035,6541.49
DRH11_BABATUNJI027,6541.49
DRH11_BABATUNJI045,3052.69
DRH11_BABATUNJI049,3924.89
DRH13_BABATUNJI019,2746.43
DRH13_BABATUNJI045,3445.52
DRH15_BABATUNJI018,9570.88
DRH15_BABATUNJI019,3062.68
DRH15_BABATUNJI046,382.84
DRH23_BABATUNJI017,2679.85
DRH23_BABATUNJI019,5359.69
DRH23_BABATUNJI045,6508.2
DRH23_BABATUNJI049,12633.56
DRH25_BABATUNJI017,13375.92
DRH25_BABATUNJI027,23885.58
DRH25_BABATUNJI035,9076.52
DRH25_BABATUNJI045,7165.67
DRH36_BABATUNJI017,13375.92
DRH36_BABATUNJI019,7889.73
DRH36_BABATUNJI035,1972.43
DRH36_BABATUNJI045,3741.8
DRH36_BABATUNJI046,5692.59
DRH39_BABATUNJI017,284.63
DRH39_BABATUNJI019,6546.48
DRH39_BABATUNJI027,2846.3
DRH39_BABATUNJI046,13109.6
DRH39_BABATUNJI049,10726.04
DRH49_BABATUNJI018,2297.01
DRH49_BABATUNJI019,769.0
DRH49_BABATUNJI046,4229.49
DRH51_BABATUNJI019,4229.49
DRH51_BABATUNJI027,13072.98
DRH51_BABATUNJI035,12303.98
DRH51_BABATUNJI049,269.65
DRH59_BABATUNJI046,8089.47
DRH59_BABATUNJI049,4853.68
DRI01_BABATUNJI013,2966.14
DRI03_BABATUNJI013,9456.02
DRI11_BABATUNJI027,4522.45
DRI11_BABATUNJI035,8222.63
DRI11_BABATUNJI045,10278.29
DRI13_BABATUNJI013,14800.73
DRI13_BABATUNJI018,2756.41
DRI13_BABATUNJI046,1905.85
DRI25_BABATUNJI017,7242.24
DRI25_BABATUNJI027,6098.73
DRI25_BABATUNJI045,4574.05
DRI25_BABATUNJI046,3430.53
DRI25_BABATUNJI049,4574.05
DRI37_BABATUNJI017,3049.36
DRI37_BABATUNJI018,5592.72
DRI37_BABATUNJI027,10694.41
DRI37_BABATUNJI046,8127.75
DRI37_BABATUNJI049,10266.64
DRI39_BABATUNJI017,5988.87
DRI39_BABATUNJI018,4284.42
DRI39_BABATUNJI027,3115.94
DRI39_BABATUNJI035,778.99
DRI49_BABATUNJI018,5063.41
DRI49_BABATUNJI035,3505.44
DRI49_BABATUNJI045,2726.45
DRI49_BABATUNJI046,9347.83
DRJ11_BABATUNJI010,5832.41
DRJ11_BABATUNJI013,7655.04
DRJ23_BABATUNJI010,5467.88
DRJ23_BABATUNJI013,7655.04
DRJ24_BABATUNJI010,4738.83
DRJ24_BABATUNJI013,13439.17
DRJ25_BABATUNJI017,8552.2
DRJ25_BABATUNJI018,17715.27
DRJ25_BABATUNJI045,1644.53
DRJ25_BABATUNJI049,3700.18
DRJ35_BABATUNJI017,5755.84
DRJ35_BABATUNJI046,5755.84
DRJ39_BABATUNJI013,8633.76
DRJ39_BABATUNJI018,6082.08
DRJ39_BABATUNJI046,868.87
DRJ47_BABATUNJI013,9123.12
DRJ49_BABATUNJI045,10860.86
DRJ51_BABATUNJI013,5213.21
DRJ51_BABATUNJI049,233.03
DRJ59_BABATUNJI027,3262.42
DRJ59_BABATUNJI045,2330.3
DRJ59_BABATUNJI046,1243.38
DRJ59_BABATUNJI049,2396.88
DRK01_BABATUNJI017,2396.88
DRK01_BABATUNJI018,2396.88
DRK01_BABATUNJI035,1977.43
DRK01_BABATUNJI045,1796.0
DRK12_BABATUNJI017,129.83
DRK12_BABATUNJI018,1557.97
DRK12_BABATUNJI027,5219.87
DRK12_BABATUNJI035,8633.76
DRK12_BABATUNJI045,7811.5
DRK12_BABATUNJI049,2055.66
DRK13_BABATUNJI013,4111.32
DRK13_BABATUNJI046,5755.84
DRK23_BABATUNJI013,3289.05
DRK23_BABATUNJI018,765.67
DRK23_BABATUNJI049,2683.17
DRK35_BABATUNJI017,3295.71
DRK35_BABATUNJI019,183.1
DRK35_BABATUNJI027,1293.32
DRK35_BABATUNJI035,7759.9
DRK35_BABATUNJI045,14226.48
DRK35_BABATUNJI046,12502.06
DRK35_BABATUNJI049,6897.69
DRK37_BABATUNJI010,6466.58
DRK39_BABATUNJI017,3542.06
DRK39_BABATUNJI027,3542.06
DRK39_BABATUNJI046,1771.03
DRK39_BABATUNJI049,9297.9
DRK47_BABATUNJI013,10626.17
DRK47_BABATUNJI018,11954.44
DRK47_BABATUNJI046,3984.81
DRK47_BABATUNJI049,287.96
DRK49_BABATUNJI017,3167.54
DRK49_BABATUNJI019,863.88
DRK49_BABATUNJI027,5183.25
DRK49_BABATUNJI035,13565.68
DRK49_BABATUNJI046,3610.3
DRK49_BABATUNJI049,8825.18
DRK59_BABATUNJI010,7220.6
DRK59_BABATUNJI018,8022.89
DRL01_BABATUNJI010,8424.03
DRL01_BABATUNJI013,4011.45
DRL01_BABATUNJI049,414.46
DRL23_BABATUNJI035,2072.3
DRL23_BABATUNJI045,292.95
DRL35_BABATUNJI017,565.93
DRL35_BABATUNJI027,1078.6
DRL35_BABATUNJI035,8269.24
DRL35_BABATUNJI045,6471.58
DRL35_BABATUNJI049,4673.92
DRL37_BABATUNJI017,7550.17
DRL37_BABATUNJI018,6112.04
DRL37_BABATUNJI027,858.88
DRL37_BABATUNJI035,6012.17
DRL37_BABATUNJI045,11165.47
DRL37_BABATUNJI049,15459.88
DRL47_BABATUNJI027,5153.29
DRL47_BABATUNJI045,11594.91
DRL59_BABATUNJI019,11744.71
DRL59_BABATUNJI035,11185.44
DRM11_BABATUNJI013,805.62
DRM11_BABATUNJI018,1611.24
DRM11_BABATUNJI046,5639.33
DRM23_BABATUNJI013,3222.47
DRM37_BABATUNJI010,5236.52
DRM37_BABATUNJI013,3222.47
DRM47_BABATUNJI010,3309.03
DRM48_BABATUNJI027,8981.64
DRM48_BABATUNJI045,9927.08
DRM48_BABATUNJI046,7563.49
DRM48_BABATUNJI049,15126.98
DRM49_BABATUNJI017,2406.87
DRM49_BABATUNJI035,6017.17
DRM49_BABATUNJI045,6017.17
DRM49_BABATUNJI049,2406.87
DRN35_BABATUNJI018,10830.9
DRN35_BABATUNJI035,5214.88
DRN35_BABATUNJI046,10399.8
DRN35_BABATUNJI049,8036.21
DRN36_BABATUNJI019,7090.77
DRN36_BABATUNJI027,6478.23
DRN36_BABATUNJI035,925.46
DRN36_BABATUNJI045,925.46
DRN37_BABATUNJI013,4627.31
DRN47_BABATUNJI010,4627.31
DRN47_BABATUNJI013,7403.7
DRN59_BABATUNJI017,1211.76
DRN59_BABATUNJI027,7210.61
DRN59_BABATUNJI045,8349.13
DRN59_BABATUNJI049,6451.6
DRO35_BABATUNJI045,14238.13
DRO47_BABATUNJI035,12595.27
DRO59_BABATUNJI017,20809.58
DRO59_BABATUNJI019,6491.55
DRO59_BABATUNJI045,16878.03
DRO59_BABATUNJI049,6058.78
DRP35_BABATUNJI027,5812.43
DRP35_BABATUNJI045,4197.87
DRP47_BABATUNJI013,4197.87
DRP47_BABATUNJI046,7104.09
DRP47_BABATUNJI049,19005.26
DRQ35_BABATUNJI027,8062.84
DRQ35_BABATUNJI035,10366.51
DRQ35_BABATUNJI045,193.08
DRY23_BABATUNJI017,772.33
DRY23_BABATUNJI019,4018.1
DRY23_BABATUNJI027,7456.96
DRY23_BABATUNJI035,2609.94
DRY23_BABATUNJI046,1118.54
DRY23_BABATUNJI049,4474.18
DRZ11_BABATUNJI027,3728.48
DRZ11_BABATUNJI045,4847.02
DRZ24_BABATUNJI027,83.23
DRZ24_BABATUNJI045,1165.15
FDA01_BABATUNJI017,11408.48
FDA01_BABATUNJI018,8928.38
FDA01_BABATUNJI027,8432.36
FDA01_BABATUNJI035,11408.48
FDA01_BABATUNJI045,17710.28
FDA01_BABATUNJI046,10752.67
FDA04_BABATUNJI013,189.75
FDA04_BABATUNJI018,1897.53
FDA04_BABATUNJI035,15654.62
FDA04_BABATUNJI046,12333.95
FDA04_BABATUNJI049,13757.09
FDA07_BABATUNJI027,6866.06
FDA07_BABATUNJI035,5138.31
FDA07_BABATUNJI045,2030.69
FDA10_BABATUNJI027,4687.23
FDA10_BABATUNJI035,11132.18
FDA11_BABATUNJI017,7616.75
FDA11_BABATUNJI018,7030.85
FDA11_BABATUNJI027,13437.51
FDA11_BABATUNJI045,2336.96
FDA13_BABATUNJI017,21032.62
FDA13_BABATUNJI018,7010.87
FDA13_BABATUNJI019,9073.19
FDA13_BABATUNJI027,9467.68
FDA13_BABATUNJI035,5522.81
FDA13_BABATUNJI045,10256.65
FDA13_BABATUNJI049,4733.84
FDA15_BABATUNJI010,4019.77
FDA15_BABATUNJI013,4555.74
FDA15_BABATUNJI018,324.58
FDA15_BABATUNJI049,1514.7
FDA16_BABATUNJI018,2163.85
FDA16_BABATUNJI046,1887.54
FDA20_BABATUNJI013,3775.09
FDA21_BABATUNJI013,4089.68
FDA23_BABATUNJI017,712.41
FDA23_BABATUNJI027,712.41
FDA23_BABATUNJI035,6055.45
FDA25_BABATUNJI017,1068.61
FDA25_BABATUNJI018,3205.83
FDA25_BABATUNJI035,2137.22
FDA25_BABATUNJI045,1143.51
FDA26_BABATUNJI013,4574.05
FDA26_BABATUNJI018,1143.51
FDA27_BABATUNJI018,8766.92
FDA27_BABATUNJI046,4192.88
FDA27_BABATUNJI049,2287.02
FDA28_BABATUNJI027,6098.73
FDA32_BABATUNJI010,431.11
FDA32_BABATUNJI018,10346.53
FDA32_BABATUNJI046,5604.37
FDA34_BABATUNJI013,15519.8
FDA35_BABATUNJI027,3448.84
FDA36_BABATUNJI013,6466.58
FDA37_BABATUNJI035,4014.77
FDA38_BABATUNJI013,14720.84
FDA38_BABATUNJI018,7583.46
FDA38_BABATUNJI049,14720.84
FDA39_BABATUNJI017,19214.99
FDA39_BABATUNJI018,9853.84
FDA39_BABATUNJI027,492.69
FDA39_BABATUNJI035,17244.22
FDA39_BABATUNJI046,11824.61
FDA39_BABATUNJI049,11465.08
FDA40_BABATUNJI017,5732.54
FDA40_BABATUNJI035,15286.77
FDA40_BABATUNJI046,3343.98
FDA40_BABATUNJI049,7643.38
FDA43_BABATUNJI010,1226.74
FDA43_BABATUNJI013,4229.49
FDA44_BABATUNJI017,8843.49
FDA44_BABATUNJI018,3460.5
FDA44_BABATUNJI027,1153.5
FDA44_BABATUNJI035,8074.49
FDA44_BABATUNJI045,7689.99
FDA44_BABATUNJI049,7305.49
FDA45_BABATUNJI013,3991.47
FDA46_BABATUNJI013,9071.53
FDA48_BABATUNJI046,3628.61
FDA49_BABATUNJI019,6168.64
FDA49_BABATUNJI027,179.77
FDA49_BABATUNJI035,2067.31
FDA49_BABATUNJI046,1198.44
FDA49_BABATUNJI049,835.58
FDA50_BABATUNJI017,1253.37
FDA50_BABATUNJI019,3342.32
FDA50_BABATUNJI027,4595.68
FDA50_BABATUNJI035,8773.58
FDA51_BABATUNJI027,10785.96
FDA52_BABATUNJI013,2247.08
FDA55_BABATUNJI013,7640.06
FDA55_BABATUNJI018,9437.72
FDA56_BABATUNJI027,8988.3
FDA56_BABATUNJI045,7640.06
FDA57_BABATUNJI027,7190.64
FDA57_BABATUNJI045,4633.97
FDA58_BABATUNJI013,8109.44
FDA58_BABATUNJI046,10136.81
FDB02_BABATUNJI013,282.97
FDB03_BABATUNJI013,6225.23
FDB03_BABATUNJI018,1131.86
FDB03_BABATUNJI046,4527.44
FDB03_BABATUNJI049,5659.3
FDB04_BABATUNJI017,8948.35
FDB04_BABATUNJI019,3195.84
FDB04_BABATUNJI027,319.58
FDB04_BABATUNJI035,2876.26
FDB04_BABATUNJI045,9907.1
FDB04_BABATUNJI046,7989.6
FDB05_BABATUNJI046,6939.3
FDB05_BABATUNJI049,4024.76
FDB10_BABATUNJI018,7120.73
FDB10_BABATUNJI049,2786.37
FDB11_BABATUNJI013,4643.96
FDB12_BABATUNJI035,4024.76
FDB14_BABATUNJI018,2786.37
FDB14_BABATUNJI019,4024.76
FDB14_BABATUNJI027,3095.97
FDB14_BABATUNJI035,7789.86
FDB14_BABATUNJI045,5392.98
FDB15_BABATUNJI010,9587.52
FDB15_BABATUNJI013,292.95
FDB15_BABATUNJI018,7946.32
FDB15_BABATUNJI035,2167.18
FDB15_BABATUNJI046,722.39
FDB15_BABATUNJI049,9391.11
FDB16_BABATUNJI035,2167.18
FDB16_BABATUNJI045,3973.16
FDB16_BABATUNJI046,3250.77
FDB16_BABATUNJI049,729.05
FDB17_BABATUNJI010,4738.83
FDB17_BABATUNJI013,8748.61
FDB20_BABATUNJI017,5103.36
FDB20_BABATUNJI035,5467.88
FDB20_BABATUNJI045,9113.14
FDB20_BABATUNJI049,11007.34
FDB21_BABATUNJI018,14244.79
FDB23_BABATUNJI013,7122.4
FDB23_BABATUNJI018,306.27
FDB26_BABATUNJI017,2756.41
FDB26_BABATUNJI027,2143.88
FDB26_BABATUNJI035,6737.9
FDB26_BABATUNJI045,5344.71
FDB26_BABATUNJI046,4522.45
FDB27_BABATUNJI010,822.26
FDB27_BABATUNJI046,9867.16
FDB28_BABATUNJI010,7811.5
FDB28_BABATUNJI013,3289.05
FDB29_BABATUNJI035,6741.23
FDB29_BABATUNJI045,14830.7
FDB32_BABATUNJI017,4494.15
FDB32_BABATUNJI018,2247.08
FDB32_BABATUNJI019,9437.72
FDB32_BABATUNJI027,3062.68
FDB32_BABATUNJI035,3675.22
FDB34_BABATUNJI017,612.54
FDB34_BABATUNJI018,3675.22
FDB34_BABATUNJI027,4254.46
FDB34_BABATUNJI035,1612.9
FDB34_BABATUNJI045,1464.76
FDB34_BABATUNJI049,3661.9
FDB35_BABATUNJI017,4760.47
FDB35_BABATUNJI018,14940.55
FDB35_BABATUNJI019,16185.6
FDB35_BABATUNJI045,16185.6
FDB35_BABATUNJI046,14940.55
FDB36_BABATUNJI027,17683.65
FDB37_BABATUNJI013,5526.14
FDB37_BABATUNJI046,321.25
FDB37_BABATUNJI049,5139.98
FDB39_BABATUNJI017,642.5
FDB39_BABATUNJI019,9958.7
FDB39_BABATUNJI035,1606.24
FDB39_BABATUNJI045,6524.84
FDB39_BABATUNJI049,3262.42
FDB41_BABATUNJI018,15846.04
FDB41_BABATUNJI019,13515.74
FDB41_BABATUNJI035,3728.48
FDB41_BABATUNJI045,12956.47
FDB41_BABATUNJI046,7866.43
FDB44_BABATUNJI013,6478.23
FDB44_BABATUNJI046,4164.58
FDB45_BABATUNJI019,3239.12
FDB45_BABATUNJI045,10862.53
FDB47_BABATUNJI013,11280.32
FDB49_BABATUNJI018,7102.42
FDB49_BABATUNJI019,4301.07
FDB49_BABATUNJI045,4048.06
FDB50_BABATUNJI017,4807.08
FDB50_BABATUNJI018,2579.98
FDB50_BABATUNJI045,547.62
FDB50_BABATUNJI046,8214.31
FDB50_BABATUNJI049,12047.65
FDB51_BABATUNJI017,5113.34
FDB51_BABATUNJI018,2556.67
FDB51_BABATUNJI035,943.77
FDB51_BABATUNJI045,4404.27
FDB51_BABATUNJI046,3460.5
FDB52_BABATUNJI013,8179.35
FDB52_BABATUNJI018,5662.63
FDB52_BABATUNJI049,3029.39
FDB56_BABATUNJI013,5626.01
FDB57_BABATUNJI013,6924.32
FDB57_BABATUNJI046,7789.86
FDB59_BABATUNJI046,16178.94
FDB60_BABATUNJI010,539.3
FDB60_BABATUNJI013,7550.17
FDC02_BABATUNJI010,6471.58
FDC02_BABATUNJI013,5912.3
FDC02_BABATUNJI018,7759.9
FDC02_BABATUNJI046,2217.11
FDC03_BABATUNJI013,7390.38
FDC04_BABATUNJI018,8498.94
FDC04_BABATUNJI049,14281.41
FDC08_BABATUNJI010,3029.39
FDC08_BABATUNJI013,18609.11
FDC08_BABATUNJI046,9088.17
FDC08_BABATUNJI049,4594.02
FDC09_BABATUNJI018,10719.38
FDC09_BABATUNJI045,4900.29
FDC10_BABATUNJI027,1388.19
FDC10_BABATUNJI035,7866.43
FDC11_BABATUNJI018,4164.58
FDC11_BABATUNJI027,5913.97
FDC11_BABATUNJI046,2178.83
FDC14_BABATUNJI017,1201.77
FDC14_BABATUNJI018,196.41
FDC14_BABATUNJI019,2356.93
FDC14_BABATUNJI027,4174.57
FDC14_BABATUNJI046,7803.18
FDC14_BABATUNJI049,5852.38
FDC16_BABATUNJI017,12192.46
FDC16_BABATUNJI018,141.48
FDC16_BABATUNJI027,2263.72
FDC16_BABATUNJI035,7057.48
FDC16_BABATUNJI045,13673.87
FDC16_BABATUNJI046,1323.28
FDC16_BABATUNJI049,7498.57
FDC17_BABATUNJI013,4860.34
FDC17_BABATUNJI046,15067.05
FDC20_BABATUNJI017,6318.44
FDC20_BABATUNJI018,11178.78
FDC20_BABATUNJI019,6318.44
FDC20_BABATUNJI035,4485.83
FDC20_BABATUNJI045,6932.64
FDC20_BABATUNJI046,4485.83
FDC21_BABATUNJI017,15088.69
FDC21_BABATUNJI019,3262.42
FDC22_BABATUNJI013,8971.66
FDC26_BABATUNJI035,8868.46
FDC28_BABATUNJI017,218.05
FDC28_BABATUNJI019,482.71
FDC28_BABATUNJI027,2172.17
FDC28_BABATUNJI045,3378.94
FDC29_BABATUNJI027,3861.64
FDC29_BABATUNJI035,4269.44
FDC32_BABATUNJI019,3130.92
FDC32_BABATUNJI027,11468.41
FDC32_BABATUNJI035,3528.74
FDC32_BABATUNJI045,2646.56
FDC33_BABATUNJI013,8821.85
FDC33_BABATUNJI046,1118.54
FDC35_BABATUNJI010,13981.8
FDC35_BABATUNJI013,5178.26
FDC35_BABATUNJI046,10661.12
FDC37_BABATUNJI019,3959.85
FDC39_BABATUNJI013,1897.53
FDC40_BABATUNJI017,10606.19
FDC40_BABATUNJI018,9262.94
FDC40_BABATUNJI035,16761.52
FDC40_BABATUNJI049,3087.65
FDC41_BABATUNJI017,7498.57
FDC41_BABATUNJI019,10815.92
FDC41_BABATUNJI027,3735.14
FDC41_BABATUNJI046,1857.58
FDC41_BABATUNJI049,11764.69
FDC44_BABATUNJI027,6017.17
FDC44_BABATUNJI045,4412.59
FDC46_BABATUNJI010,7621.75
FDC46_BABATUNJI013,4011.45
FDC47_BABATUNJI010,6819.46
FDC47_BABATUNJI013,5214.88
FDC47_BABATUNJI018,2801.35
FDC48_BABATUNJI017,311.26
FDC48_BABATUNJI019,3423.88
FDC48_BABATUNJI035,1867.57
FDC48_BABATUNJI046,4668.92
FDC50_BABATUNJI017,11814.62
FDC50_BABATUNJI018,15752.83
FDC50_BABATUNJI027,11814.62
FDC50_BABATUNJI035,7313.81
FDC50_BABATUNJI045,2856.28
FDC51_BABATUNJI035,5452.9
FDC51_BABATUNJI045,2596.62
FDC53_BABATUNJI018,4933.58
FDC53_BABATUNJI027,466.06
FDC53_BABATUNJI035,4893.63
FDC56_BABATUNJI035,9887.13
FDC57_BABATUNJI013,1526.35
FDC58_BABATUNJI017,7696.65
FDC58_BABATUNJI018,452.74
FDC58_BABATUNJI027,14940.55
FDC58_BABATUNJI035,8149.39
FDC59_BABATUNJI017,10413.11
FDC59_BABATUNJI018,6338.42
FDC59_BABATUNJI027,2336.96
FDC59_BABATUNJI035,4229.49
FDC59_BABATUNJI045,16917.98
FDC59_BABATUNJI049,4229.49
FDC60_BABATUNJI017,13292.7
FDC60_BABATUNJI019,769.0
FDC60_BABATUNJI046,6920.99
FDD02_BABATUNJI045,8458.99
FDD03_BABATUNJI013,3076.0
FDD03_BABATUNJI018,8458.99
FDD03_BABATUNJI046,12978.11
FDD05_BABATUNJI027,1128.53
FDD05_BABATUNJI045,9592.51
FDD08_BABATUNJI017,14106.64
FDD08_BABATUNJI018,14780.76
FDD08_BABATUNJI027,13302.68
FDD08_BABATUNJI035,3941.54
FDD08_BABATUNJI049,2956.15
FDD09_BABATUNJI013,2966.14
FDD10_BABATUNJI010,8404.06
FDD10_BABATUNJI013,2004.06
FDD11_BABATUNJI013,6012.17
FDD11_BABATUNJI018,3721.82
FDD14_BABATUNJI013,6298.47
FDD16_BABATUNJI019,234.69
FDD16_BABATUNJI035,10343.2
FDD16_BABATUNJI046,1193.45
FDD17_BABATUNJI010,7160.68
FDD17_BABATUNJI013,7956.31
FDD17_BABATUNJI046,9547.57
FDD17_BABATUNJI049,654.15
FDD20_BABATUNJI027,4823.72
FDD21_BABATUNJI035,8525.57
FDD26_BABATUNJI010,3934.88
FDD28_BABATUNJI017,655.81
FDD28_BABATUNJI027,5902.32
FDD28_BABATUNJI046,3279.07
FDD28_BABATUNJI049,9181.38
FDD29_BABATUNJI010,11416.81
FDD29_BABATUNJI013,19829.19
FDD29_BABATUNJI018,6391.68
FDD29_BABATUNJI046,798.96
FDD29_BABATUNJI049,8788.56
FDD32_BABATUNJI017,9987.0
FDD32_BABATUNJI018,4394.28
FDD33_BABATUNJI013,729.05
FDD33_BABATUNJI018,5467.88
FDD35_BABATUNJI027,10935.77
FDD35_BABATUNJI035,10206.71
FDD35_BABATUNJI045,5467.88
FDD36_BABATUNJI027,4738.83
FDD38_BABATUNJI017,472.72
FDD38_BABATUNJI019,6859.4
FDD38_BABATUNJI027,17412.33
FDD38_BABATUNJI035,2110.59
FDD38_BABATUNJI045,5749.18
FDD39_BABATUNJI013,2874.59
FDD39_BABATUNJI018,2351.94
FDD39_BABATUNJI046,6010.51
FDD40_BABATUNJI013,5293.11
FDD41_BABATUNJI017,12174.15
FDD41_BABATUNJI027,8468.98
FDD41_BABATUNJI045,10056.91
FDD44_BABATUNJI013,6271.84
FDD44_BABATUNJI018,492.69
FDD44_BABATUNJI046,1231.73
FDD44_BABATUNJI049,5419.61
FDD45_BABATUNJI018,1095.24
FDD45_BABATUNJI035,10865.86
FDD45_BABATUNJI045,3835.01
FDD47_BABATUNJI013,6711.26
FDD48_BABATUNJI045,13049.68
FDD50_BABATUNJI013,9694.05
FDD51_BABATUNJI019,9694.05
FDD51_BABATUNJI027,4847.02
FDD51_BABATUNJI035,2346.95
FDD51_BABATUNJI045,11734.73
FDD51_BABATUNJI049,9387.78
FDD52_BABATUNJI027,8918.39
FDD52_BABATUNJI035,3285.72
FDD53_BABATUNJI017,13142.89
FDD53_BABATUNJI019,6115.37
FDD53_BABATUNJI027,17790.18
FDD53_BABATUNJI049,13898.58
FDD57_BABATUNJI017,709.08
FDD57_BABATUNJI027,7799.85
FDD57_BABATUNJI035,3899.92
FDD58_BABATUNJI018,6027.15
FDD58_BABATUNJI019,1063.62
FDD58_BABATUNJI035,12054.31
FDD58_BABATUNJI045,7799.85
FDD59_BABATUNJI017,4960.21
FDD59_BABATUNJI027,10416.44
FDD59_BABATUNJI045,5952.25
FDD59_BABATUNJI046,1984.08
FDE02_BABATUNJI017,9234.65
FDE02_BABATUNJI019,5346.37
FDE02_BABATUNJI027,7776.54
FDE04_BABATUNJI010,12150.85
FDE04_BABATUNJI013,10413.11
FDE09_BABATUNJI019,13016.39
FDE09_BABATUNJI027,13167.86
FDE09_BABATUNJI045,8290.87
FDE10_BABATUNJI027,8778.57
FDE11_BABATUNJI010,1208.43
FDE11_BABATUNJI013,11480.06
FDE14_BABATUNJI018,7250.56
FDE14_BABATUNJI035,4926.92
FDE14_BABATUNJI045,7883.07
FDE16_BABATUNJI010,5419.61
FDE20_BABATUNJI013,10346.53
FDE21_BABATUNJI027,13016.39
FDE21_BABATUNJI045,11884.53
FDE23_BABATUNJI017,256.33
FDE23_BABATUNJI018,2307.0
FDE23_BABATUNJI035,3076.0
FDE23_BABATUNJI045,3314.02
FDE23_BABATUNJI046,301.27
FDE28_BABATUNJI010,3916.57
FDE28_BABATUNJI013,4014.77
FDE28_BABATUNJI049,104.86
FDE29_BABATUNJI018,1572.95
FDE29_BABATUNJI027,785.64
FDE29_BABATUNJI045,3928.22
FDE29_BABATUNJI046,3928.22
FDE29_BABATUNJI049,8249.26
FDE32_BABATUNJI017,12623.57
FDE32_BABATUNJI018,6837.77
FDE32_BABATUNJI027,24195.17
FDE32_BABATUNJI035,13149.55
FDE32_BABATUNJI046,1577.95
FDE33_BABATUNJI017,271.31
FDE33_BABATUNJI019,4069.7
FDE33_BABATUNJI027,1627.88
FDE33_BABATUNJI045,6757.87
FDE33_BABATUNJI049,11102.22
FDE34_BABATUNJI010,4344.35
FDE35_BABATUNJI027,6275.17
FDE35_BABATUNJI045,7999.59
FDE35_BABATUNJI049,277.97
FDE39_BABATUNJI035,3057.69
FDE39_BABATUNJI045,1667.83
FDE40_BABATUNJI017,6393.34
FDE40_BABATUNJI018,4612.33
FDE40_BABATUNJI019,3435.53
FDE40_BABATUNJI027,7157.35
FDE40_BABATUNJI045,3721.82
FDE41_BABATUNJI017,5725.88
FDE41_BABATUNJI019,4008.12
FDE41_BABATUNJI035,3239.12
FDE41_BABATUNJI045,6897.69
FDE41_BABATUNJI046,18722.3
FDE41_BABATUNJI049,6897.69
FDE44_BABATUNJI017,7883.07
FDE44_BABATUNJI035,4673.92
FDE44_BABATUNJI045,7400.37
FDE44_BABATUNJI046,778.99
FDE45_BABATUNJI013,9737.33
FDE51_BABATUNJI017,11684.79
FDE51_BABATUNJI019,8958.34
FDE51_BABATUNJI027,4141.28
FDE51_BABATUNJI035,11388.51
FDE51_BABATUNJI046,2588.3
FDE52_BABATUNJI027,8039.54
FDE53_BABATUNJI017,5359.69
FDE53_BABATUNJI027,6955.95
FDE53_BABATUNJI045,4968.53
FDE56_BABATUNJI017,2981.12
FDE56_BABATUNJI019,5631.0
FDE56_BABATUNJI027,11425.13
FDE56_BABATUNJI035,7789.86
FDE57_BABATUNJI027,9347.83
FDE58_BABATUNJI027,2336.96
FDE59_BABATUNJI017,382.84
FDE59_BABATUNJI018,4211.19
FDE59_BABATUNJI035,1707.78
FDE59_BABATUNJI049,5977.22
FDF02_BABATUNJI017,5407.96
FDF02_BABATUNJI018,5407.96
FDF04_BABATUNJI013,2994.44
FDF04_BABATUNJI018,427.78
FDF04_BABATUNJI046,8555.53
FDF04_BABATUNJI049,5133.32
FDF05_BABATUNJI013,4277.77
FDF05_BABATUNJI018,3849.99
FDF05_BABATUNJI035,5993.86
FDF05_BABATUNJI045,17981.59
FDF05_BABATUNJI046,7377.06
FDF05_BABATUNJI049,8760.26
FDF08_BABATUNJI018,12909.86
FDF08_BABATUNJI035,570.92
FDF08_BABATUNJI045,14844.01
FDF08_BABATUNJI046,17127.71
FDF09_BABATUNJI018,714.07
FDF09_BABATUNJI027,7140.71
FDF09_BABATUNJI035,3079.33
FDF09_BABATUNJI045,8622.11
FDF09_BABATUNJI049,6158.65
FDF11_BABATUNJI018,4890.3
FDF11_BABATUNJI049,4890.3
FDF20_BABATUNJI010,376.18
FDF20_BABATUNJI013,5266.48
FDF20_BABATUNJI046,246.35
FDF21_BABATUNJI010,1724.42
FDF21_BABATUNJI013,2956.15
FDF22_BABATUNJI010,5692.59
FDF22_BABATUNJI013,2396.88
FDF22_BABATUNJI046,3861.64
FDF24_BABATUNJI017,1448.12
FDF24_BABATUNJI018,10619.51
FDF24_BABATUNJI027,439.43
FDF24_BABATUNJI035,319.58
FDF24_BABATUNJI049,221.38
FDF28_BABATUNJI027,1481.41
FDF29_BABATUNJI027,5036.78
FDF32_BABATUNJI010,6518.18
FDF32_BABATUNJI013,3555.37
FDF32_BABATUNJI046,4660.6
FDF33_BABATUNJI027,6990.9
FDF33_BABATUNJI035,4963.54
FDF33_BABATUNJI045,4963.54
FDF34_BABATUNJI010,354.54
FDF35_BABATUNJI017,3545.39
FDF35_BABATUNJI035,4254.46
FDF35_BABATUNJI045,8154.39
FDF38_BABATUNJI046,7230.59
FDF39_BABATUNJI013,8435.69
FDF39_BABATUNJI018,4820.39
FDF39_BABATUNJI045,903.82
FDF39_BABATUNJI046,6628.04
FDF41_BABATUNJI018,4217.84
FDF41_BABATUNJI046,1802.65
FDF41_BABATUNJI049,4527.44
FDF44_BABATUNJI027,5432.93
FDF45_BABATUNJI017,15393.3
FDF45_BABATUNJI018,4074.7
FDF45_BABATUNJI045,7696.65
FDF45_BABATUNJI049,4906.95
FDF46_BABATUNJI027,4014.77
FDF46_BABATUNJI035,7137.38
FDF46_BABATUNJI045,8921.72
FDF47_BABATUNJI013,2676.52
FDF47_BABATUNJI046,7590.12
FDF52_BABATUNJI010,7590.12
FDF52_BABATUNJI013,6325.1
FDF53_BABATUNJI013,8855.14
FDF56_BABATUNJI010,4149.6
FDF56_BABATUNJI013,922.13
FDF58_BABATUNJI027,9221.33
FDF58_BABATUNJI046,6454.93
FDG08_BABATUNJI013,4610.67
FDG09_BABATUNJI010,372.85
FDG09_BABATUNJI013,6536.49
FDG10_BABATUNJI018,2971.13
FDG10_BABATUNJI019,10101.85
FDG10_BABATUNJI027,3112.62
FDG10_BABATUNJI035,6225.23
FDG10_BABATUNJI045,10306.58
FDG12_BABATUNJI027,4294.41
FDG12_BABATUNJI045,5439.59
FDG16_BABATUNJI013,11738.05
FDG16_BABATUNJI046,858.88
FDG17_BABATUNJI018,8668.72
FDG17_BABATUNJI049,8109.44
FDG20_BABATUNJI010,6548.14
FDG22_BABATUNJI017,5144.97
FDG22_BABATUNJI027,13096.29
FDG22_BABATUNJI035,1388.19
FDG22_BABATUNJI046,12956.47
FDG24_BABATUNJI017,6940.97
FDG24_BABATUNJI018,8329.16
FDG24_BABATUNJI027,7866.43
FDG24_BABATUNJI035,14586.01
FDG24_BABATUNJI045,12049.32
FDG24_BABATUNJI046,14586.01
FDG24_BABATUNJI049,1827.62
FDG26_BABATUNJI013,17427.32
FDG26_BABATUNJI018,9875.48
FDG26_BABATUNJI049,6117.04
FDG28_BABATUNJI046,4485.83
FDG29_BABATUNJI017,6932.64
FDG29_BABATUNJI027,8563.85
FDG29_BABATUNJI035,4485.83
FDG29_BABATUNJI046,1498.05
FDG29_BABATUNJI049,5392.98
FDG31_BABATUNJI019,296.28
FDG31_BABATUNJI027,4444.22
FDG31_BABATUNJI035,4740.5
FDG31_BABATUNJI049,509.34
FDG32_BABATUNJI013,3820.03
FDG32_BABATUNJI046,4074.7
FDG33_BABATUNJI013,5857.38
FDG34_BABATUNJI017,5409.63
FDG34_BABATUNJI027,1081.93
FDG34_BABATUNJI035,10819.25
FDG34_BABATUNJI045,9196.36
FDG38_BABATUNJI017,12988.09
FDG38_BABATUNJI018,9620.81
FDG38_BABATUNJI027,2886.24
FDG38_BABATUNJI045,7696.65
FDG38_BABATUNJI046,9620.81
FDG38_BABATUNJI049,3919.9
FDG40_BABATUNJI017,5226.53
FDG40_BABATUNJI027,2090.61
FDG40_BABATUNJI046,21901.49
FDG41_BABATUNJI017,12883.23
FDG41_BABATUNJI035,3781.74
FDG44_BABATUNJI018,384.5
FDG44_BABATUNJI019,9227.99
FDG44_BABATUNJI027,384.5
FDG44_BABATUNJI035,8458.99
FDG44_BABATUNJI046,3845.0
FDG44_BABATUNJI049,3076.0
FDG45_BABATUNJI010,2130.56
FDG45_BABATUNJI013,6391.68
FDG46_BABATUNJI027,11078.91
FDG46_BABATUNJI045,9374.46
FDG47_BABATUNJI010,11078.91
FDG47_BABATUNJI013,3149.23
FDG47_BABATUNJI018,10992.36
FDG47_BABATUNJI035,3805.05
FDG47_BABATUNJI046,9724.01
FDG50_BABATUNJI017,4650.61
FDG50_BABATUNJI018,7187.31
FDG50_BABATUNJI045,10992.36
FDG50_BABATUNJI046,1245.05
FDG52_BABATUNJI018,5218.21
FDG52_BABATUNJI027,4668.92
FDG52_BABATUNJI035,3845.0
FDG52_BABATUNJI049,4943.57
FDG56_BABATUNJI017,209.73
FDG56_BABATUNJI018,2626.58
FDG56_BABATUNJI027,7879.74
FDG56_BABATUNJI035,7441.98
FDG56_BABATUNJI045,7441.98
FDG57_BABATUNJI017,9193.03
FDG57_BABATUNJI018,6128.69
FDG57_BABATUNJI035,238.02
FDG57_BABATUNJI045,1190.12
FDG57_BABATUNJI046,4522.45
FDG57_BABATUNJI049,2380.24
FDG59_BABATUNJI017,4244.48
FDG59_BABATUNJI018,4244.48
FDG59_BABATUNJI027,4459.2
FDG59_BABATUNJI035,2581.64
FDG59_BABATUNJI045,6741.23
FDG59_BABATUNJI046,7190.64
FDG60_BABATUNJI013,5842.4
FDG60_BABATUNJI046,6741.23
FDG60_BABATUNJI049,1093.58
FDH02_BABATUNJI017,2916.2
FDH02_BABATUNJI018,4738.83
FDH02_BABATUNJI027,1093.58
FDH02_BABATUNJI045,13487.44
FDH04_BABATUNJI017,7655.04
FDH04_BABATUNJI018,742.37
FDH04_BABATUNJI019,5938.94
FDH04_BABATUNJI046,1113.55
FDH05_BABATUNJI018,11506.69
FDH05_BABATUNJI046,8908.4
FDH05_BABATUNJI049,828.92
FDH08_BABATUNJI046,3591.99
FDH09_BABATUNJI017,327.91
FDH09_BABATUNJI027,5246.5
FDH09_BABATUNJI035,2951.16
FDH09_BABATUNJI045,4262.78
FDH09_BABATUNJI049,3934.88
FDH10_BABATUNJI010,8791.89
FDH10_BABATUNJI013,462.73
FDH12_BABATUNJI017,16195.59
FDH12_BABATUNJI019,17583.78
FDH12_BABATUNJI045,10642.81
FDH16_BABATUNJI017,5552.77
FDH16_BABATUNJI027,6491.55
FDH16_BABATUNJI046,5492.85
FDH16_BABATUNJI049,15629.66
FDH17_BABATUNJI017,12503.72
FDH17_BABATUNJI019,2083.95
FDH17_BABATUNJI035,16671.63
FDH17_BABATUNJI045,8856.8
FDH19_BABATUNJI013,11461.75
FDH20_BABATUNJI017,377.84
FDH20_BABATUNJI018,6801.15
FDH20_BABATUNJI035,8690.35
FDH20_BABATUNJI045,12090.93
FDH26_BABATUNJI027,6045.46
FDH28_BABATUNJI017,7178.99
FDH28_BABATUNJI018,1889.21
FDH28_BABATUNJI019,8064.5
FDH28_BABATUNJI027,5942.27
FDH28_BABATUNJI035,12308.98
FDH28_BABATUNJI045,10186.74
FDH28_BABATUNJI046,3185.85
FDH28_BABATUNJI049,798.96
FDH31_BABATUNJI019,6791.16
FDH31_BABATUNJI027,798.96
FDH31_BABATUNJI035,10785.96
FDH32_BABATUNJI018,2396.88
FDH32_BABATUNJI027,712.41
FDH32_BABATUNJI035,8192.67
FDH32_BABATUNJI045,2849.62
FDH33_BABATUNJI017,9261.28
FDH33_BABATUNJI018,2849.62
FDH33_BABATUNJI019,1068.61
FDH33_BABATUNJI027,722.39
FDH33_BABATUNJI035,7585.13
FDH33_BABATUNJI045,6862.73
FDH33_BABATUNJI046,6862.73
FDH33_BABATUNJI049,2528.38
FDH38_BABATUNJI035,1151.83
FDH40_BABATUNJI017,10366.51
FDH40_BABATUNJI018,2574.98
FDH40_BABATUNJI027,569.26
FDH40_BABATUNJI046,392.82
FDH41_BABATUNJI013,5695.92
FDH41_BABATUNJI046,5907.31
FDH45_BABATUNJI018,6816.13
FDH45_BABATUNJI019,5907.31
FDH45_BABATUNJI035,9542.58
FDH45_BABATUNJI045,15449.89
FDH45_BABATUNJI046,146.48
FDH45_BABATUNJI049,1904.19
FDH47_BABATUNJI035,9417.74
FDH47_BABATUNJI045,5732.54
FDH48_BABATUNJI017,13512.41
FDH48_BABATUNJI018,8189.34
FDH48_BABATUNJI019,10646.14
FDH48_BABATUNJI045,12693.48
FDH48_BABATUNJI049,11190.43
FDH50_BABATUNJI013,7045.83
FDH52_BABATUNJI017,1478.08
FDH52_BABATUNJI019,13880.27
FDH52_BABATUNJI027,1791.0
FDH53_BABATUNJI017,7611.76
FDH53_BABATUNJI018,4029.75
FDH53_BABATUNJI035,7934.67
FDH53_BABATUNJI046,1133.52
FDH56_BABATUNJI035,1511.37
FDH56_BABATUNJI045,2267.05
FDH57_BABATUNJI027,4156.26
FDH58_BABATUNJI045,4534.1
FDH60_BABATUNJI046,4046.4
FDI02_BABATUNJI017,4980.18
FDI02_BABATUNJI035,6536.49
FDI04_BABATUNJI013,4046.4
FDI04_BABATUNJI046,5632.67
FDI05_BABATUNJI017,8449.0
FDI05_BABATUNJI046,12673.5
FDI05_BABATUNJI049,446.09
FDI07_BABATUNJI046,892.17
FDI08_BABATUNJI018,1065.28
FDI08_BABATUNJI046,3728.48
FDI08_BABATUNJI049,6736.23
FDI09_BABATUNJI018,4609.0
FDI09_BABATUNJI046,8154.39
FDI09_BABATUNJI049,5925.62
FDI10_BABATUNJI013,10073.55
FDI12_BABATUNJI017,3851.65
FDI12_BABATUNJI045,449.42
FDI12_BABATUNJI046,898.83
FDI12_BABATUNJI049,2579.98
FDI14_BABATUNJI027,7104.09
FDI15_BABATUNJI013,1291.65
FDI15_BABATUNJI035,4520.78
FDI15_BABATUNJI046,14208.17
FDI15_BABATUNJI049,13149.55
FDI16_BABATUNJI018,13807.03
FDI16_BABATUNJI027,439.43
FDI16_BABATUNJI035,3515.42
FDI16_BABATUNJI046,1304.97
FDI19_BABATUNJI010,9932.07
FDI19_BABATUNJI013,3310.69
FDI19_BABATUNJI046,5517.82
FDI20_BABATUNJI010,1471.42
FDI20_BABATUNJI013,10215.04
FDI20_BABATUNJI046,6008.85
FDI21_BABATUNJI018,11416.81
FDI21_BABATUNJI027,7759.9
FDI21_BABATUNJI035,4803.75
FDI21_BABATUNJI045,4064.71
FDI21_BABATUNJI046,9977.01
FDI22_BABATUNJI010,2956.15
FDI22_BABATUNJI013,7020.86
FDI22_BABATUNJI046,4594.02
FDI24_BABATUNJI013,6508.2
FDI27_BABATUNJI017,6125.36
FDI27_BABATUNJI027,6891.03
FDI27_BABATUNJI045,2217.11
FDI27_BABATUNJI049,7020.86
FDI28_BABATUNJI018,8129.42
FDI28_BABATUNJI027,739.04
FDI28_BABATUNJI045,4434.23
FDI28_BABATUNJI046,3325.67
FDI28_BABATUNJI049,7759.9
FDI32_BABATUNJI027,4803.75
FDI32_BABATUNJI035,9329.52
FDI32_BABATUNJI045,7365.41
FDI33_BABATUNJI017,7365.41
FDI33_BABATUNJI027,15766.14
FDI33_BABATUNJI045,3448.84
FDI34_BABATUNJI018,14288.07
FDI34_BABATUNJI046,16603.39
FDI34_BABATUNJI049,10910.8
FDI36_BABATUNJI046,4269.44
FDI38_BABATUNJI010,13282.71
FDI38_BABATUNJI046,13282.71
FDI40_BABATUNJI017,12289.0
FDI40_BABATUNJI018,5877.35
FDI40_BABATUNJI035,5343.05
FDI40_BABATUNJI045,4808.74
FDI44_BABATUNJI017,14426.22
FDI44_BABATUNJI027,818.93
FDI44_BABATUNJI049,384.5
FDI45_BABATUNJI013,2307.0
FDI46_BABATUNJI018,6151.99
FDI46_BABATUNJI046,9996.99
FDI46_BABATUNJI049,7689.99
FDI48_BABATUNJI017,5382.99
FDI48_BABATUNJI035,4980.18
FDI48_BABATUNJI049,2801.35
FDI50_BABATUNJI013,8763.59
FDI50_BABATUNJI018,4544.09
FDI50_BABATUNJI049,7140.71
FDI52_BABATUNJI035,2272.04
FDI52_BABATUNJI045,3460.5
FDI56_BABATUNJI017,8898.42
FDI56_BABATUNJI018,1078.6
FDI56_BABATUNJI027,4584.03
FDI56_BABATUNJI046,8432.36
FDI57_BABATUNJI013,5456.23
FDI57_BABATUNJI046,14384.61
FDI58_BABATUNJI017,10912.46
FDI58_BABATUNJI045,992.04
FDI60_BABATUNJI018,3483.8
FDI60_BABATUNJI045,1875.89
FDI60_BABATUNJI046,1015.35
FDI60_BABATUNJI049,5602.71
FDJ03_BABATUNJI018,1245.05
FDJ03_BABATUNJI045,20543.26
FDJ04_BABATUNJI035,11827.94
FDJ04_BABATUNJI045,1847.6
FDJ07_BABATUNJI027,19707.68
FDJ09_BABATUNJI017,16012.49
FDJ09_BABATUNJI018,7177.32
FDJ09_BABATUNJI035,5872.36
FDJ09_BABATUNJI045,8482.29
FDJ09_BABATUNJI046,8808.53
FDJ09_BABATUNJI049,3661.9
FDJ10_BABATUNJI027,2591.63
FDJ12_BABATUNJI013,1439.79
FDJ14_BABATUNJI017,5609.37
FDJ14_BABATUNJI019,8974.98
FDJ14_BABATUNJI046,11824.61
FDJ16_BABATUNJI017,7390.38
FDJ16_BABATUNJI018,7390.38
FDJ16_BABATUNJI035,10033.61
FDJ16_BABATUNJI046,3192.51
FDJ16_BABATUNJI049,912.15
FDJ20_BABATUNJI045,11401.83
FDJ22_BABATUNJI013,5472.88
FDJ26_BABATUNJI018,4104.66
FDJ26_BABATUNJI046,8209.31
FDJ27_BABATUNJI017,7668.35
FDJ27_BABATUNJI018,9021.59
FDJ27_BABATUNJI045,8570.51
FDJ28_BABATUNJI010,7696.65
FDJ32_BABATUNJI027,1358.23
FDJ32_BABATUNJI045,18562.5
FDJ32_BABATUNJI046,1810.98
FDJ33_BABATUNJI027,13582.32
FDJ33_BABATUNJI035,4527.44
FDJ34_BABATUNJI027,10413.11
FDJ36_BABATUNJI027,5113.34
FDJ36_BABATUNJI035,426.11
FDJ36_BABATUNJI045,8522.24
FDJ38_BABATUNJI013,5113.34
FDJ40_BABATUNJI027,7243.9
FDJ40_BABATUNJI035,7243.9
FDJ41_BABATUNJI010,8096.13
FDJ41_BABATUNJI013,158.13
FDJ41_BABATUNJI018,632.51
FDJ41_BABATUNJI035,4427.57
FDJ41_BABATUNJI046,2213.79
FDJ44_BABATUNJI013,6325.1
FDJ45_BABATUNJI018,5712.56
FDJ45_BABATUNJI019,2380.24
FDJ45_BABATUNJI027,1428.14
FDJ45_BABATUNJI035,9996.99
FDJ45_BABATUNJI045,4760.47
FDJ45_BABATUNJI049,4677.25
FDJ48_BABATUNJI010,935.45
FDJ48_BABATUNJI013,10757.66
FDJ48_BABATUNJI046,6080.42
FDJ50_BABATUNJI035,7431.99
FDJ50_BABATUNJI045,6649.68
FDJ50_BABATUNJI049,7431.99
FDJ53_BABATUNJI027,1564.63
FDJ53_BABATUNJI035,6012.17
FDJ55_BABATUNJI010,5582.73
FDJ55_BABATUNJI013,429.44
FDJ55_BABATUNJI018,8588.82
FDJ55_BABATUNJI046,9447.7
FDJ56_BABATUNJI017,5153.29
FDJ56_BABATUNJI019,5163.28
FDJ56_BABATUNJI027,11734.73
FDJ56_BABATUNJI045,11265.34
FDJ57_BABATUNJI010,10795.95
FDJ58_BABATUNJI013,9387.78
FDK02_BABATUNJI035,9857.17
FDK03_BABATUNJI010,7510.22
FDK03_BABATUNJI018,143.15
FDK03_BABATUNJI046,6628.04
FDK03_BABATUNJI049,3615.29
FDK04_BABATUNJI017,301.27
FDK04_BABATUNJI027,5121.67
FDK04_BABATUNJI045,9108.14
FDK04_BABATUNJI046,12144.19
FDK08_BABATUNJI018,11005.67
FDK08_BABATUNJI019,12403.85
FDK08_BABATUNJI027,2696.49
FDK09_BABATUNJI010,5392.98
FDK09_BABATUNJI046,8089.47
FDK10_BABATUNJI013,10384.82
FDK14_BABATUNJI017,20158.76
FDK14_BABATUNJI018,6198.6
FDK14_BABATUNJI035,3099.3
FDK14_BABATUNJI045,3099.3
FDK14_BABATUNJI046,3542.06
FDK15_BABATUNJI018,9362.81
FDK15_BABATUNJI019,374.51
FDK15_BABATUNJI027,4494.15
FDK15_BABATUNJI035,14980.5
FDK16_BABATUNJI018,9737.33
FDK16_BABATUNJI027,5617.69
FDK16_BABATUNJI035,2704.81
FDK16_BABATUNJI045,13457.48
FDK20_BABATUNJI027,13457.48
FDK20_BABATUNJI045,9612.49
FDK21_BABATUNJI010,3062.68
FDK21_BABATUNJI013,2516.72
FDK21_BABATUNJI018,645.83
FDK21_BABATUNJI046,807.28
FDK21_BABATUNJI049,8895.09
FDK22_BABATUNJI010,2223.77
FDK22_BABATUNJI018,23905.55
FDK24_BABATUNJI018,4447.54
FDK24_BABATUNJI019,10562.92
FDK24_BABATUNJI027,429.44
FDK24_BABATUNJI035,2147.21
FDK24_BABATUNJI045,5153.29
FDK24_BABATUNJI046,429.44
FDK27_BABATUNJI027,8588.82
FDK27_BABATUNJI035,11594.91
FDK28_BABATUNJI010,5582.73
FDK28_BABATUNJI018,8159.38
FDK28_BABATUNJI046,8159.38
FDK33_BABATUNJI013,1356.57
FDK34_BABATUNJI013,7596.78
FDK34_BABATUNJI018,4883.64
FDK36_BABATUNJI017,4778.78
FDK36_BABATUNJI027,868.87
FDK36_BABATUNJI035,3041.04
FDK36_BABATUNJI046,7385.39
FDK40_BABATUNJI010,7385.39
FDK40_BABATUNJI013,426.11
FDK40_BABATUNJI018,8948.35
FDK40_BABATUNJI027,169.78
FDK40_BABATUNJI045,3868.3
FDK40_BABATUNJI046,4144.61
FDK40_BABATUNJI049,14867.31
FDK41_BABATUNJI017,9557.56
FDK41_BABATUNJI027,15929.27
FDK41_BABATUNJI035,13274.39
FDK41_BABATUNJI045,1138.52
FDK41_BABATUNJI046,6831.11
FDK43_BABATUNJI045,284.63
FDK45_BABATUNJI035,3415.55
FDK45_BABATUNJI045,7213.94
FDK46_BABATUNJI010,456.07
FDK46_BABATUNJI018,1824.29
FDK48_BABATUNJI017,1368.22
FDK48_BABATUNJI027,1607.91
FDK48_BABATUNJI045,349.55
FDK48_BABATUNJI046,3495.45
FDK48_BABATUNJI049,2097.27
FDK51_BABATUNJI010,5942.27
FDK51_BABATUNJI013,5592.72
FDK51_BABATUNJI027,4893.63
FDK51_BABATUNJI035,3981.48
FDK51_BABATUNJI046,486.03
FDK51_BABATUNJI049,2430.17
FDK52_BABATUNJI010,1168.48
FDK52_BABATUNJI013,5063.41
FDK52_BABATUNJI018,8568.85
FDK55_BABATUNJI017,4673.92
FDK55_BABATUNJI018,16991.22
FDK55_BABATUNJI019,11718.08
FDK55_BABATUNJI035,452.74
FDK55_BABATUNJI045,15060.4
FDK56_BABATUNJI010,15060.4
FDK56_BABATUNJI013,4633.97
FDK57_BABATUNJI027,1148.51
FDK58_BABATUNJI018,13207.81
FDK58_BABATUNJI019,1148.51
FDK58_BABATUNJI027,2906.22
FDK58_BABATUNJI035,2906.22
FDK58_BABATUNJI045,968.74
FDK60_BABATUNJI018,22281.0
FDK60_BABATUNJI035,2421.85
FDL02_BABATUNJI019,3874.96
FDL03_BABATUNJI013,2663.2
FDL04_BABATUNJI017,702.42
FDL04_BABATUNJI027,5619.35
FDL04_BABATUNJI035,7375.4
FDL08_BABATUNJI013,702.42
FDL08_BABATUNJI046,6321.77
FDL10_BABATUNJI017,3512.1
FDL10_BABATUNJI018,4214.51
FDL10_BABATUNJI027,3145.91
FDL10_BABATUNJI035,2691.5
FDL10_BABATUNJI045,5138.31
FDL12_BABATUNJI019,6851.08
FDL12_BABATUNJI027,6082.08
FDL12_BABATUNJI035,8254.26
FDL12_BABATUNJI046,868.87
FDL13_BABATUNJI010,18246.25
FDL13_BABATUNJI013,12164.17
FDL13_BABATUNJI018,1303.3
FDL13_BABATUNJI049,7723.28
FDL16_BABATUNJI017,3137.58
FDL16_BABATUNJI018,396.15
FDL16_BABATUNJI019,792.3
FDL16_BABATUNJI049,792.3
FDL20_BABATUNJI017,14261.44
FDL20_BABATUNJI027,11488.38
FDL20_BABATUNJI035,7130.72
FDL20_BABATUNJI045,3169.21
FDL21_BABATUNJI019,2543.36
FDL21_BABATUNJI035,7630.07
FDL21_BABATUNJI045,7463.62
FDL21_BABATUNJI046,3928.22
FDL22_BABATUNJI017,3928.22
FDL22_BABATUNJI027,5499.51
FDL22_BABATUNJI035,9820.55
FDL22_BABATUNJI045,5998.86
FDL24_BABATUNJI013,705.75
FDL25_BABATUNJI017,3881.61
FDL25_BABATUNJI018,2470.12
FDL27_BABATUNJI018,10233.35
FDL27_BABATUNJI045,4940.24
FDL27_BABATUNJI046,359.53
FDL27_BABATUNJI049,4314.38
FDL28_BABATUNJI013,6471.58
FDL32_BABATUNJI017,4673.92
FDL33_BABATUNJI010,359.53
FDL33_BABATUNJI013,4673.92
FDL34_BABATUNJI027,7909.7
FDL36_BABATUNJI017,2876.26
FDL36_BABATUNJI018,2728.12
FDL36_BABATUNJI019,3968.17
FDL36_BABATUNJI027,6999.22
FDL36_BABATUNJI045,2172.17
FDL38_BABATUNJI018,9752.31
FDL38_BABATUNJI019,464.4
FDL38_BABATUNJI027,9287.91
FDL38_BABATUNJI035,8823.51
FDL38_BABATUNJI045,13467.47
FDL39_BABATUNJI013,411.13
FDL40_BABATUNJI018,2877.92
FDL40_BABATUNJI019,2466.79
FDL40_BABATUNJI027,13156.21
FDL40_BABATUNJI035,11511.68
FDL40_BABATUNJI045,4111.32
FDL43_BABATUNJI017,7030.85
FDL43_BABATUNJI027,6151.99
FDL43_BABATUNJI035,292.95
FDL43_BABATUNJI046,4394.28
FDL43_BABATUNJI049,3515.42
FDL45_BABATUNJI027,609.21
FDL45_BABATUNJI035,3858.31
FDL45_BABATUNJI045,1075.27
FDL46_BABATUNJI027,14516.1
FDL46_BABATUNJI035,10752.67
FDL48_BABATUNJI017,4301.07
FDL48_BABATUNJI027,735.71
FDL48_BABATUNJI035,7724.94
FDL48_BABATUNJI046,3678.55
FDL48_BABATUNJI049,9564.22
FDL51_BABATUNJI013,2207.13
FDL51_BABATUNJI046,4414.25
FDL52_BABATUNJI017,5639.33
FDL52_BABATUNJI018,3076.0
FDL52_BABATUNJI019,2050.66
FDL52_BABATUNJI027,243.02
FDL52_BABATUNJI046,4617.32
FDL56_BABATUNJI018,6318.44
FDL56_BABATUNJI019,4617.32
FDL56_BABATUNJI027,432.77
FDL56_BABATUNJI035,3029.39
FDL56_BABATUNJI045,11526.66
FDL57_BABATUNJI013,3227.47
FDL57_BABATUNJI018,14754.13
FDL57_BABATUNJI049,4610.67
FDL58_BABATUNJI010,6454.93
FDL58_BABATUNJI013,6916.0
FDL58_BABATUNJI018,412.8
FDL58_BABATUNJI035,3508.77
FDL58_BABATUNJI045,1158.49
FDL58_BABATUNJI046,4344.35
FDL58_BABATUNJI049,4054.72
FDM01_BABATUNJI017,289.62
FDM01_BABATUNJI018,6950.95
FDM01_BABATUNJI027,659.14
FDM01_BABATUNJI035,8239.28
FDM02_BABATUNJI017,3295.71
FDM02_BABATUNJI018,1647.86
FDM02_BABATUNJI035,3954.85
FDM02_BABATUNJI046,6261.85
FDM03_BABATUNJI017,5183.25
FDM03_BABATUNJI027,6623.05
FDM03_BABATUNJI035,4607.34
FDM04_BABATUNJI017,7774.88
FDM04_BABATUNJI018,5183.25
FDM04_BABATUNJI035,6383.36
FDM04_BABATUNJI046,982.06
FDM04_BABATUNJI049,13748.77
FDM08_BABATUNJI010,4419.25
FDM08_BABATUNJI013,12766.72
FDM08_BABATUNJI046,1969.1
FDM10_BABATUNJI013,843.9
FDM12_BABATUNJI010,6920.99
FDM14_BABATUNJI027,1977.43
FDM14_BABATUNJI035,9392.77
FDM16_BABATUNJI018,4943.57
FDM16_BABATUNJI046,6426.63
FDM20_BABATUNJI013,7415.35
FDM20_BABATUNJI018,988.71
FDM20_BABATUNJI046,7909.7
FDM21_BABATUNJI049,8404.06
FDM22_BABATUNJI019,6920.99
FDM22_BABATUNJI027,9392.77
FDM22_BABATUNJI035,10582.89
FDM25_BABATUNJI013,8715.32
FDM28_BABATUNJI010,10582.89
FDM28_BABATUNJI013,6591.42
FDM32_BABATUNJI018,8622.11
FDM32_BABATUNJI046,12502.06
FDM33_BABATUNJI013,6704.61
FDM33_BABATUNJI018,2117.24
FDM33_BABATUNJI046,3528.74
FDM34_BABATUNJI027,4234.49
FDM36_BABATUNJI013,4234.49
FDM38_BABATUNJI046,8821.85
FDM39_BABATUNJI010,5962.24
FDM39_BABATUNJI013,1324.94
FDM44_BABATUNJI017,399.48
FDM44_BABATUNJI019,2130.56
FDM44_BABATUNJI045,14541.07
FDM45_BABATUNJI035,11511.68
FDM45_BABATUNJI045,9088.17
FDM46_BABATUNJI027,15829.4
FDM46_BABATUNJI035,1055.29
FDM46_BABATUNJI045,11080.58
FDM50_BABATUNJI018,14774.1
FDM50_BABATUNJI027,479.38
FDM50_BABATUNJI035,1597.92
FDM50_BABATUNJI045,13066.33
FDM51_BABATUNJI017,1045.31
FDM51_BABATUNJI035,18292.86
FDM51_BABATUNJI045,3135.92
FDM56_BABATUNJI017,8362.45
FDM56_BABATUNJI019,882.19
FDM56_BABATUNJI027,16761.52
FDM57_BABATUNJI017,7057.48
FDM57_BABATUNJI035,10586.22
FDM57_BABATUNJI045,5353.03
FDM57_BABATUNJI046,3122.6
FDM58_BABATUNJI017,2230.43
FDM58_BABATUNJI027,15166.92
FDM60_BABATUNJI017,11152.15
FDM60_BABATUNJI018,7137.38
FDM60_BABATUNJI046,4014.77
FDM60_BABATUNJI049,4357.66
FDN01_BABATUNJI010,863.88
FDN02_BABATUNJI013,1727.75
FDN02_BABATUNJI046,1151.83
FDN03_BABATUNJI010,4319.38
FDN03_BABATUNJI046,6156.99
FDN04_BABATUNJI013,5244.84
FDN08_BABATUNJI027,5759.17
FDN08_BABATUNJI045,10366.51
FDN09_BABATUNJI010,14397.93
FDN09_BABATUNJI013,13632.26
FDN09_BABATUNJI018,5452.9
FDN10_BABATUNJI027,11360.21
FDN10_BABATUNJI035,13347.63
FDN10_BABATUNJI045,18118.08
FDN12_BABATUNJI027,5694.25
FDN12_BABATUNJI045,14494.47
FDN13_BABATUNJI017,5278.13
FDN13_BABATUNJI019,4414.25
FDN13_BABATUNJI045,4414.25
FDN15_BABATUNJI027,5149.96
FDN16_BABATUNJI017,367.85
FDN16_BABATUNJI045,11403.49
FDN22_BABATUNJI013,13978.47
FDN22_BABATUNJI018,6253.53
FDN24_BABATUNJI017,5149.96
FDN24_BABATUNJI019,2896.23
FDN24_BABATUNJI027,7004.22
FDN24_BABATUNJI045,9193.03
FDN24_BABATUNJI046,9193.03
FDN25_BABATUNJI018,7004.22
FDN25_BABATUNJI019,6128.69
FDN25_BABATUNJI035,2626.58
FDN25_BABATUNJI049,8179.35
FDN27_BABATUNJI027,6291.81
FDN27_BABATUNJI035,2307.0
FDN28_BABATUNJI017,25766.46
FDN28_BABATUNJI018,13742.11
FDN28_BABATUNJI035,6871.06
FDN31_BABATUNJI013,6125.36
FDN33_BABATUNJI027,1225.07
FDN34_BABATUNJI013,3368.95
FDN38_BABATUNJI013,1225.07
FDN38_BABATUNJI018,2819.66
FDN38_BABATUNJI046,4430.9
FDN39_BABATUNJI013,6444.94
FDN45_BABATUNJI046,228.04
FDN46_BABATUNJI017,5016.8
FDN46_BABATUNJI035,11331.92
FDN46_BABATUNJI045,13795.38
FDN48_BABATUNJI018,8868.46
FDN48_BABATUNJI019,10346.53
FDN48_BABATUNJI027,4926.92
FDN48_BABATUNJI035,1165.15
FDN48_BABATUNJI045,3728.48
FDN49_BABATUNJI018,316.26
FDN49_BABATUNJI035,316.26
FDN49_BABATUNJI046,5885.67
FDN49_BABATUNJI049,735.71
FDN50_BABATUNJI018,4414.25
FDN50_BABATUNJI027,2942.84
FDN52_BABATUNJI027,123.17
FDN57_BABATUNJI027,2217.11
FDN58_BABATUNJI013,2370.25
FDN58_BABATUNJI018,888.84
FDN58_BABATUNJI046,3259.09
FDN58_BABATUNJI049,5333.06
FDO01_BABATUNJI027,1165.15
FDO01_BABATUNJI045,4369.31
FDO03_BABATUNJI018,4660.6
FDO04_BABATUNJI017,7643.38
FDO04_BABATUNJI018,9076.52
FDO04_BABATUNJI027,1433.13
FDO04_BABATUNJI046,5254.83
FDO09_BABATUNJI013,12898.21
FDO09_BABATUNJI045,1584.6
FDO09_BABATUNJI046,4565.72
FDO09_BABATUNJI049,1404.84
FDO10_BABATUNJI017,3160.89
FDO10_BABATUNJI019,8077.82
FDO10_BABATUNJI027,4916.93
FDO10_BABATUNJI035,6231.89
FDO10_BABATUNJI045,10386.48
FDO10_BABATUNJI046,13502.42
FDO11_BABATUNJI010,599.22
FDO11_BABATUNJI046,4134.62
FDO11_BABATUNJI049,15160.27
FDO12_BABATUNJI013,18835.48
FDO12_BABATUNJI046,8269.24
FDO15_BABATUNJI017,10106.84
FDO15_BABATUNJI018,619.19
FDO15_BABATUNJI019,5263.15
FDO15_BABATUNJI027,4953.55
FDO15_BABATUNJI035,3095.97
FDO15_BABATUNJI049,13851.97
FDO16_BABATUNJI018,12029.34
FDO16_BABATUNJI045,6925.98
FDO16_BABATUNJI046,10571.24
FDO16_BABATUNJI049,6925.98
FDO19_BABATUNJI017,4374.31
FDO19_BABATUNJI018,8384.09
FDO19_BABATUNJI027,7190.64
FDO19_BABATUNJI035,5273.14
FDO19_BABATUNJI045,958.75
FDO19_BABATUNJI046,4793.76
FDO19_BABATUNJI049,6711.26
FDO20_BABATUNJI013,3355.63
FDO20_BABATUNJI018,12289.0
FDO20_BABATUNJI046,10151.79
FDO20_BABATUNJI049,2671.52
FDO21_BABATUNJI013,6366.71
FDO21_BABATUNJI018,4810.41
FDO21_BABATUNJI046,14431.22
FDO22_BABATUNJI017,7696.65
FDO22_BABATUNJI018,1684.47
FDO22_BABATUNJI035,7390.38
FDO22_BABATUNJI045,7390.38
FDO22_BABATUNJI049,4693.89
FDO23_BABATUNJI017,5006.82
FDO23_BABATUNJI018,2503.41
FDO23_BABATUNJI019,7510.22
FDO23_BABATUNJI027,3129.26
FDO23_BABATUNJI035,512.67
FDO23_BABATUNJI045,5126.66
FDO25_BABATUNJI010,9487.65
FDO25_BABATUNJI046,7115.74
FDO27_BABATUNJI018,7590.12
FDO27_BABATUNJI027,18975.3
FDO27_BABATUNJI045,4269.44
FDO28_BABATUNJI027,6005.52
FDO28_BABATUNJI035,3924.89
FDO31_BABATUNJI017,1744.4
FDO31_BABATUNJI018,9158.08
FDO31_BABATUNJI027,10030.28
FDO31_BABATUNJI046,3924.89
FDO32_BABATUNJI017,7849.78
FDO32_BABATUNJI018,6541.49
FDO32_BABATUNJI027,3488.79
FDO32_BABATUNJI035,2336.96
FDO32_BABATUNJI045,5253.16
FDO32_BABATUNJI046,10944.09
FDO32_BABATUNJI049,10068.56
FDO36_BABATUNJI013,4815.4
FDO37_BABATUNJI010,6175.3
FDO37_BABATUNJI013,14203.18
FDO37_BABATUNJI018,5557.77
FDO37_BABATUNJI049,14203.18
FDO38_BABATUNJI017,4412.59
FDO38_BABATUNJI018,5616.02
FDO38_BABATUNJI027,8022.89
FDO38_BABATUNJI045,2808.01
FDO38_BABATUNJI049,5616.02
FDO39_BABATUNJI013,6025.49
FDO44_BABATUNJI027,1506.37
FDO44_BABATUNJI035,2108.92
FDO44_BABATUNJI045,3615.29
FDO45_BABATUNJI017,13502.42
FDO45_BABATUNJI018,18003.23
FDO45_BABATUNJI027,14065.03
FDO45_BABATUNJI045,11252.02
FDO45_BABATUNJI046,2496.75
FDO46_BABATUNJI013,9287.91
FDO48_BABATUNJI013,6501.54
FDO48_BABATUNJI018,464.4
FDO48_BABATUNJI046,11609.89
FDO49_BABATUNJI019,13003.07
FDO49_BABATUNJI027,12538.68
FDO49_BABATUNJI046,1288.32
FDO49_BABATUNJI049,7300.5
FDO50_BABATUNJI017,6871.06
FDO50_BABATUNJI018,2147.21
FDO50_BABATUNJI027,3864.97
FDO50_BABATUNJI046,9447.7
FDO51_BABATUNJI018,8588.82
FDO51_BABATUNJI027,4127.96
FDO52_BABATUNJI013,7017.53
FDO56_BABATUNJI035,7843.12
FDO56_BABATUNJI045,6604.74
FDO60_BABATUNJI017,8255.92
FDO60_BABATUNJI018,4127.96
FDO60_BABATUNJI027,299.61
FDO60_BABATUNJI035,5392.98
FDO60_BABATUNJI046,8089.47
FDP03_BABATUNJI035,1198.44
FDP03_BABATUNJI045,3595.32
FDP04_BABATUNJI018,24161.88
FDP04_BABATUNJI027,20346.85
FDP04_BABATUNJI045,11445.1
FDP04_BABATUNJI046,572.59
FDP04_BABATUNJI049,506.01
FDP07_BABATUNJI013,4048.06
FDP07_BABATUNJI046,2024.03
FDP08_BABATUNJI013,3542.06
FDP10_BABATUNJI017,10306.58
FDP10_BABATUNJI027,2290.35
FDP10_BABATUNJI035,21185.76
FDP10_BABATUNJI045,5725.88
FDP11_BABATUNJI010,3145.91
FDP11_BABATUNJI013,12134.21
FDP11_BABATUNJI046,8538.89
FDP12_BABATUNJI017,4943.57
FDP12_BABATUNJI035,3275.74
FDP12_BABATUNJI045,248.01
FDP12_BABATUNJI046,3720.16
FDP12_BABATUNJI049,7140.71
FDP13_BABATUNJI018,12556.99
FDP13_BABATUNJI019,3368.95
FDP13_BABATUNJI027,3675.22
FDP13_BABATUNJI049,306.27
FDP15_BABATUNJI010,6125.36
FDP16_BABATUNJI010,10106.84
FDP16_BABATUNJI018,9387.78
FDP16_BABATUNJI046,1877.56
FDP16_BABATUNJI049,12442.14
FDP19_BABATUNJI045,10819.25
FDP20_BABATUNJI045,4868.66
FDP22_BABATUNJI017,11370.2
FDP22_BABATUNJI018,842.24
FDP22_BABATUNJI027,9685.73
FDP22_BABATUNJI035,10949.08
FDP22_BABATUNJI045,7159.01
FDP22_BABATUNJI049,10527.96
FDP23_BABATUNJI013,7923.02
FDP23_BABATUNJI018,6058.78
FDP24_BABATUNJI027,3262.42
FDP24_BABATUNJI045,10719.38
FDP25_BABATUNJI010,8855.14
FDP25_BABATUNJI018,13049.68
FDP25_BABATUNJI046,4660.6
FDP26_BABATUNJI017,4847.02
FDP26_BABATUNJI018,302.94
FDP26_BABATUNJI019,4241.15
FDP27_BABATUNJI010,23189.81
FDP27_BABATUNJI013,8374.1
FDP28_BABATUNJI010,12578.63
FDP28_BABATUNJI013,8385.75
FDP28_BABATUNJI018,6098.73
FDP28_BABATUNJI045,8522.24
FDP28_BABATUNJI046,532.64
FDP28_BABATUNJI049,10652.8
FDP31_BABATUNJI017,14381.28
FDP31_BABATUNJI018,6391.68
FDP31_BABATUNJI027,7746.58
FDP31_BABATUNJI035,17876.73
FDP31_BABATUNJI046,12513.71
FDP33_BABATUNJI013,5363.02
FDP33_BABATUNJI018,2673.19
FDP33_BABATUNJI046,742.37
FDP36_BABATUNJI017,5938.94
FDP36_BABATUNJI018,8908.4
FDP37_BABATUNJI045,11135.51
FDP38_BABATUNJI017,5196.57
FDP38_BABATUNJI027,742.37
FDP38_BABATUNJI049,6310.12
FDP39_BABATUNJI017,2130.56
FDP39_BABATUNJI018,5376.34
FDP39_BABATUNJI019,5692.59
FDP39_BABATUNJI027,3162.55
FDP39_BABATUNJI045,632.51
FDP39_BABATUNJI049,7590.12
FDP40_BABATUNJI019,9557.56
FDP40_BABATUNJI035,7385.39
FDP44_BABATUNJI035,4778.78
FDP44_BABATUNJI045,868.87
FDP45_BABATUNJI046,5213.21
FDP45_BABATUNJI049,3961.51
FDP46_BABATUNJI019,1131.86
FDP46_BABATUNJI035,848.9
FDP46_BABATUNJI046,6508.2
FDP49_BABATUNJI018,11684.79
FDP49_BABATUNJI019,4449.21
FDP49_BABATUNJI027,8089.47
FDP49_BABATUNJI045,6876.05
FDP49_BABATUNJI046,11325.26
FDP49_BABATUNJI049,14574.36
FDP52_BABATUNJI018,10721.04
FDP52_BABATUNJI046,16927.97
FDP56_BABATUNJI017,4514.12
FDP56_BABATUNJI018,4014.77
FDP56_BABATUNJI027,6548.14
FDP56_BABATUNJI045,8419.04
FDP56_BABATUNJI049,6578.1
FDP57_BABATUNJI017,506.01
FDP57_BABATUNJI035,7843.12
FDP57_BABATUNJI045,7533.53
FDP58_BABATUNJI018,1944.14
FDP59_BABATUNJI027,3969.83
FDP59_BABATUNJI045,9262.94
FDP60_BABATUNJI017,3175.87
FDP60_BABATUNJI027,2455.14
FDP60_BABATUNJI035,5401.3
FDP60_BABATUNJI045,12275.69
FDQ01_BABATUNJI018,7856.44
FDQ01_BABATUNJI049,2381.9
FDQ03_BABATUNJI013,5293.11
FDQ03_BABATUNJI049,4763.8
FDQ04_BABATUNJI019,11638.18
FDQ04_BABATUNJI049,9188.04
FDQ07_BABATUNJI018,6125.36
FDQ07_BABATUNJI046,3062.68
FDQ08_BABATUNJI017,9227.99
FDQ08_BABATUNJI019,419.45
FDQ08_BABATUNJI027,2516.72
FDQ08_BABATUNJI035,4613.99
FDQ08_BABATUNJI045,5033.45
FDQ08_BABATUNJI046,2936.18
FDQ09_BABATUNJI027,2232.09
FDQ09_BABATUNJI035,2728.12
FDQ09_BABATUNJI045,6448.27
FDQ10_BABATUNJI013,1498.05
FDQ11_BABATUNJI018,6990.9
FDQ11_BABATUNJI046,2330.3
FDQ12_BABATUNJI046,11651.5
FDQ13_BABATUNJI019,778.99
FDQ13_BABATUNJI027,4673.92
FDQ13_BABATUNJI035,4284.42
FDQ13_BABATUNJI045,9347.83
FDQ13_BABATUNJI049,4574.05
FDQ15_BABATUNJI027,381.17
FDQ15_BABATUNJI035,4574.05
FDQ15_BABATUNJI046,2213.79
FDQ15_BABATUNJI049,4447.54
FDQ16_BABATUNJI017,555.94
FDQ16_BABATUNJI035,7505.23
FDQ16_BABATUNJI045,3891.6
FDQ19_BABATUNJI010,1697.79
FDQ19_BABATUNJI013,5659.3
FDQ20_BABATUNJI017,5206.56
FDQ20_BABATUNJI027,2490.09
FDQ20_BABATUNJI035,8622.11
FDQ20_BABATUNJI045,19399.75
FDQ21_BABATUNJI045,7759.9
FDQ22_BABATUNJI027,14226.48
FDQ22_BABATUNJI045,9915.43
FDQ22_BABATUNJI049,3904.92
FDQ23_BABATUNJI017,10516.31
FDQ23_BABATUNJI019,1947.47
FDQ23_BABATUNJI027,12853.27
FDQ23_BABATUNJI035,9737.33
FDQ24_BABATUNJI013,1727.75
FDQ24_BABATUNJI018,8638.76
FDQ26_BABATUNJI017,559.27
FDQ26_BABATUNJI018,3076.0
FDQ26_BABATUNJI027,838.91
FDQ26_BABATUNJI035,3914.9
FDQ26_BABATUNJI045,11744.71
FDQ26_BABATUNJI046,5872.36
FDQ26_BABATUNJI049,7340.45
FDQ27_BABATUNJI019,4893.63
FDQ31_BABATUNJI018,8468.98
FDQ31_BABATUNJI027,8116.1
FDQ31_BABATUNJI035,7763.23
FDQ31_BABATUNJI049,11291.97
FDQ32_BABATUNJI027,4587.36
FDQ32_BABATUNJI035,5645.98
FDQ34_BABATUNJI017,6704.61
FDQ34_BABATUNJI019,224.71
FDQ34_BABATUNJI035,5617.69
FDQ34_BABATUNJI045,446.09
FDQ36_BABATUNJI017,3791.73
FDQ36_BABATUNJI018,14885.62
FDQ36_BABATUNJI019,902.16
FDQ36_BABATUNJI035,3157.56
FDQ36_BABATUNJI045,4961.87
FDQ36_BABATUNJI046,5864.03
FDQ36_BABATUNJI049,241.35
FDQ37_BABATUNJI010,2896.23
FDQ37_BABATUNJI013,765.67
FDQ39_BABATUNJI010,8493.94
FDQ39_BABATUNJI013,1617.89
FDQ40_BABATUNJI013,13752.1
FDQ44_BABATUNJI035,8089.47
FDQ45_BABATUNJI010,7685.0
FDQ45_BABATUNJI013,625.85
FDQ46_BABATUNJI035,4693.89
FDQ46_BABATUNJI045,6571.45
FDQ47_BABATUNJI017,294.62
FDQ47_BABATUNJI018,4713.86
FDQ47_BABATUNJI035,4124.63
FDQ47_BABATUNJI045,2062.32
FDQ48_BABATUNJI017,5892.33
FDQ48_BABATUNJI018,364.53
FDQ48_BABATUNJI027,1822.63
FDQ48_BABATUNJI035,933.78
FDQ51_BABATUNJI017,4357.66
FDQ51_BABATUNJI027,4357.66
FDQ51_BABATUNJI035,4668.92
FDQ52_BABATUNJI013,3215.81
FDQ52_BABATUNJI018,8575.5
FDQ52_BABATUNJI049,12863.26
FDQ55_BABATUNJI027,4823.72
FDQ55_BABATUNJI035,189.75
FDQ55_BABATUNJI045,759.01
FDQ56_BABATUNJI018,2834.64
FDQ56_BABATUNJI027,1937.48
FDQ56_BABATUNJI035,16145.65
FDQ56_BABATUNJI046,12270.69
FDQ56_BABATUNJI049,6591.42
FDQ59_BABATUNJI027,3076.0
FDQ59_BABATUNJI035,4613.99
FDQ59_BABATUNJI045,218.05
FDQ59_BABATUNJI046,1339.92
FDR01_BABATUNJI013,1875.89
FDR02_BABATUNJI045,2947.83
FDR04_BABATUNJI017,10626.17
FDR04_BABATUNJI018,6711.26
FDR04_BABATUNJI027,12863.26
FDR04_BABATUNJI045,1677.82
FDR07_BABATUNJI018,424.45
FDR07_BABATUNJI019,3395.58
FDR07_BABATUNJI027,7215.61
FDR08_BABATUNJI017,2546.69
FDR08_BABATUNJI035,8014.57
FDR08_BABATUNJI045,3205.83
FDR09_BABATUNJI010,6411.65
FDR09_BABATUNJI013,9617.48
FDR09_BABATUNJI018,7065.8
FDR09_BABATUNJI049,1413.16
FDR12_BABATUNJI013,327.91
FDR14_BABATUNJI017,655.81
FDR14_BABATUNJI019,3606.97
FDR14_BABATUNJI027,1311.63
FDR14_BABATUNJI046,5246.5
FDR20_BABATUNJI017,7325.46
FDR20_BABATUNJI018,3400.57
FDR20_BABATUNJI035,9823.88
FDR20_BABATUNJI045,4156.26
FDR20_BABATUNJI049,15491.5
FDR21_BABATUNJI013,4534.1
FDR22_BABATUNJI027,4156.26
FDR22_BABATUNJI045,4156.26
FDR23_BABATUNJI013,16538.47
FDR24_BABATUNJI017,7962.97
FDR24_BABATUNJI027,14171.55
FDR24_BABATUNJI035,18680.68
FDR24_BABATUNJI045,5153.29
FDR25_BABATUNJI018,7729.94
FDR25_BABATUNJI027,3329.0
FDR25_BABATUNJI045,4911.94
FDR25_BABATUNJI046,4534.1
FDR26_BABATUNJI010,8312.51
FDR26_BABATUNJI013,2644.89
FDR27_BABATUNJI027,7178.99
FDR32_BABATUNJI013,439.43
FDR32_BABATUNJI046,6591.42
FDR33_BABATUNJI017,11425.13
FDR33_BABATUNJI019,9667.42
FDR33_BABATUNJI035,8349.13
FDR33_BABATUNJI045,8284.22
FDR34_BABATUNJI018,2761.41
FDR34_BABATUNJI046,1183.46
FDR34_BABATUNJI049,13807.03
FDR35_BABATUNJI013,3944.87
FDR35_BABATUNJI046,449.42
FDR36_BABATUNJI017,4943.57
FDR36_BABATUNJI035,4044.74
FDR36_BABATUNJI045,8538.89
FDR37_BABATUNJI010,224.71
FDR37_BABATUNJI013,4494.15
FDR40_BABATUNJI027,12671.84
FDR40_BABATUNJI049,1311.63
FDR43_BABATUNJI018,3934.88
FDR43_BABATUNJI027,4918.6
FDR43_BABATUNJI035,3448.84
FDR43_BABATUNJI045,862.21
FDR43_BABATUNJI046,13795.38
FDR43_BABATUNJI049,7328.79
FDR44_BABATUNJI027,8622.11
FDR45_BABATUNJI049,8622.11
FDR47_BABATUNJI010,3813.37
FDR49_BABATUNJI018,5820.76
FDR49_BABATUNJI035,21044.27
FDR49_BABATUNJI046,8955.01
FDR52_BABATUNJI010,2127.23
FDR52_BABATUNJI013,6027.15
FDR55_BABATUNJI013,6381.69
FDR58_BABATUNJI018,1031.99
FDR58_BABATUNJI027,773.99
FDR58_BABATUNJI035,1805.98
FDR58_BABATUNJI045,4901.95
FDR59_BABATUNJI010,5149.96
FDR59_BABATUNJI013,5452.9
FDR59_BABATUNJI027,6058.78
FDR59_BABATUNJI035,3262.42
FDR59_BABATUNJI046,4194.54
FDR59_BABATUNJI049,2247.08
FDR60_BABATUNJI017,509.34
FDR60_BABATUNJI018,5093.37
FDR60_BABATUNJI027,6112.04
FDR60_BABATUNJI035,10346.53
FDR60_BABATUNJI046,5912.3
FDS02_BABATUNJI046,4434.23
FDS03_BABATUNJI018,7020.86
FDS03_BABATUNJI019,2183.82
FDS03_BABATUNJI027,1364.89
FDS03_BABATUNJI035,559.27
FDS03_BABATUNJI046,5313.08
FDS09_BABATUNJI017,4194.54
FDS09_BABATUNJI019,7270.54
FDS09_BABATUNJI027,6431.63
FDS09_BABATUNJI045,2538.36
FDS10_BABATUNJI010,1323.28
FDS11_BABATUNJI046,882.19
FDS12_BABATUNJI035,17202.61
FDS13_BABATUNJI010,4410.93
FDS13_BABATUNJI013,3087.65
FDS13_BABATUNJI018,8821.85
FDS13_BABATUNJI019,11906.17
FDS13_BABATUNJI045,13459.15
FDS13_BABATUNJI046,13459.15
FDS15_BABATUNJI017,5176.6
FDS15_BABATUNJI045,2503.41
FDS19_BABATUNJI017,16898.0
FDS19_BABATUNJI035,10013.63
FDS19_BABATUNJI045,7137.38
FDS19_BABATUNJI046,1338.26
FDS19_BABATUNJI049,9367.81
FDS20_BABATUNJI013,5353.03
FDS21_BABATUNJI018,8475.63
FDS21_BABATUNJI019,3568.69
FDS21_BABATUNJI049,294.62
FDS22_BABATUNJI045,7660.03
FDS22_BABATUNJI046,3240.78
FDS23_BABATUNJI045,12184.14
FDS24_BABATUNJI018,16448.59
FDS24_BABATUNJI035,1827.62
FDS24_BABATUNJI045,3851.65
FDS24_BABATUNJI046,2073.97
FDS24_BABATUNJI049,559.27
FDS25_BABATUNJI017,6431.63
FDS25_BABATUNJI027,2796.36
FDS25_BABATUNJI045,3635.27
FDS26_BABATUNJI010,2516.72
FDS26_BABATUNJI013,2764.73
FDS26_BABATUNJI049,502.68
FDS27_BABATUNJI013,3770.09
FDS27_BABATUNJI046,1048.64
FDS28_BABATUNJI017,1048.64
FDS28_BABATUNJI018,5942.27
FDS28_BABATUNJI027,349.55
FDS28_BABATUNJI035,4893.63
FDS28_BABATUNJI045,5243.18
FDS28_BABATUNJI049,4901.95
FDS31_BABATUNJI013,4901.95
FDS32_BABATUNJI027,2063.98
FDS33_BABATUNJI017,9264.61
FDS33_BABATUNJI018,10527.96
FDS33_BABATUNJI019,5895.66
FDS33_BABATUNJI027,9264.61
FDS33_BABATUNJI045,4028.09
FDS33_BABATUNJI046,805.62
FDS34_BABATUNJI027,6042.14
FDS34_BABATUNJI035,7250.56
FDS34_BABATUNJI045,1208.43
FDS35_BABATUNJI017,4028.09
FDS35_BABATUNJI018,7550.17
FDS35_BABATUNJI027,8179.35
FDS35_BABATUNJI045,6531.5
FDS35_BABATUNJI046,9434.39
FDS36_BABATUNJI017,8345.8
FDS36_BABATUNJI035,6531.5
FDS36_BABATUNJI045,3991.47
FDS37_BABATUNJI035,7982.94
FDS37_BABATUNJI045,429.44
FDS40_BABATUNJI017,2636.57
FDS40_BABATUNJI019,3808.38
FDS40_BABATUNJI027,5159.95
FDS40_BABATUNJI045,1031.99
FDS40_BABATUNJI049,6641.36
FDS44_BABATUNJI018,5692.59
FDS44_BABATUNJI046,3320.68
FDS44_BABATUNJI049,7838.13
FDS45_BABATUNJI017,12448.8
FDS45_BABATUNJI019,5532.8
FDS45_BABATUNJI035,6916.0
FDS45_BABATUNJI045,11987.73
FDS47_BABATUNJI017,5199.9
FDS47_BABATUNJI027,1654.51
FDS47_BABATUNJI035,709.08
FDS47_BABATUNJI045,6341.75
FDS47_BABATUNJI046,845.57
FDS47_BABATUNJI049,12260.71
FDS49_BABATUNJI017,7187.31
FDS49_BABATUNJI018,5918.96
FDS49_BABATUNJI035,2503.41
FDS49_BABATUNJI045,11891.19
FDS50_BABATUNJI046,8136.08
FDS51_BABATUNJI027,1677.82
FDS51_BABATUNJI046,3775.09
FDS51_BABATUNJI049,12583.62
FDS52_BABATUNJI017,7130.72
FDS52_BABATUNJI018,3355.63
FDS52_BABATUNJI019,5382.99
FDS52_BABATUNJI027,9227.99
FDS52_BABATUNJI035,5382.99
FDS52_BABATUNJI045,4998.49
FDS56_BABATUNJI010,4793.76
FDS56_BABATUNJI013,10785.96
FDS56_BABATUNJI035,3994.8
FDS56_BABATUNJI046,11984.4
FDS56_BABATUNJI049,10066.9
FDS57_BABATUNJI027,15100.34
FDS59_BABATUNJI027,4474.18
FDS59_BABATUNJI035,6151.99
FDS59_BABATUNJI045,4613.99
FDS60_BABATUNJI013,2819.66
FDT01_BABATUNJI046,99.87
FDT02_BABATUNJI017,1165.15
FDT02_BABATUNJI018,15007.13
FDT02_BABATUNJI035,10439.74
FDT02_BABATUNJI046,11744.71
FDT03_BABATUNJI010,5779.14
FDT04_BABATUNJI017,10835.9
FDT04_BABATUNJI018,722.39
FDT04_BABATUNJI035,14447.86
FDT04_BABATUNJI045,722.39
FDT07_BABATUNJI013,9752.31
FDT07_BABATUNJI018,5056.75
FDT07_BABATUNJI046,8307.52
FDT07_BABATUNJI049,2127.23
FDT09_BABATUNJI027,1418.15
FDT10_BABATUNJI017,5318.08
FDT10_BABATUNJI018,4254.46
FDT10_BABATUNJI045,5672.62
FDT10_BABATUNJI046,15954.23
FDT11_BABATUNJI010,23169.84
FDT12_BABATUNJI010,17956.63
FDT12_BABATUNJI013,6734.57
FDT12_BABATUNJI018,11092.23
FDT12_BABATUNJI046,792.3
FDT13_BABATUNJI010,10696.08
FDT14_BABATUNJI027,7130.72
FDT14_BABATUNJI035,6338.42
FDT15_BABATUNJI010,7130.72
FDT16_BABATUNJI018,3212.49
FDT16_BABATUNJI046,5461.22
FDT16_BABATUNJI049,4818.73
FDT19_BABATUNJI013,1717.76
FDT20_BABATUNJI027,23476.11
FDT20_BABATUNJI035,11451.76
FDT20_BABATUNJI045,411.13
FDT20_BABATUNJI046,3700.18
FDT20_BABATUNJI049,6578.1
FDT21_BABATUNJI013,4933.58
FDT21_BABATUNJI018,1644.53
FDT21_BABATUNJI046,4522.45
FDT21_BABATUNJI049,1972.43
FDT22_BABATUNJI018,13807.03
FDT22_BABATUNJI027,286.29
FDT22_BABATUNJI035,858.88
FDT22_BABATUNJI045,8715.32
FDT22_BABATUNJI049,7829.81
FDT23_BABATUNJI018,2936.18
FDT23_BABATUNJI045,12234.08
FDT23_BABATUNJI046,6851.08
FDT23_BABATUNJI049,9044.89
FDT24_BABATUNJI018,4933.58
FDT24_BABATUNJI027,1233.39
FDT24_BABATUNJI035,4111.32
FDT24_BABATUNJI045,2877.92
FDT24_BABATUNJI046,1040.31
FDT24_BABATUNJI049,243.02
FDT25_BABATUNJI035,3645.26
FDT25_BABATUNJI045,5677.61
FDT26_BABATUNJI027,8831.84
FDT26_BABATUNJI035,12939.82
FDT26_BABATUNJI045,4500.81
FDT27_BABATUNJI013,399.48
FDT27_BABATUNJI046,2996.1
FDT31_BABATUNJI013,4018.1
FDT32_BABATUNJI010,1980.76
FDT34_BABATUNJI017,4753.81
FDT34_BABATUNJI035,11092.23
FDT34_BABATUNJI045,4753.81
FDT36_BABATUNJI018,7526.87
FDT36_BABATUNJI027,6734.57
FDT36_BABATUNJI045,5942.27
FDT36_BABATUNJI046,9962.03
FDT37_BABATUNJI013,11534.99
FDT38_BABATUNJI018,5767.49
FDT38_BABATUNJI045,5243.18
FDT38_BABATUNJI049,3355.63
FDT40_BABATUNJI027,1438.13
FDT40_BABATUNJI035,4217.84
FDT40_BABATUNJI045,301.27
FDT43_BABATUNJI017,2711.47
FDT43_BABATUNJI018,4394.28
FDT43_BABATUNJI035,2796.36
FDT43_BABATUNJI045,4554.07
FDT43_BABATUNJI046,419.45
FDT43_BABATUNJI049,6291.81
FDT44_BABATUNJI045,10905.8
FDT45_BABATUNJI018,5033.45
FDT45_BABATUNJI035,14261.44
FDT45_BABATUNJI046,13003.07
FDT46_BABATUNJI017,5033.45
FDT46_BABATUNJI018,449.42
FDT46_BABATUNJI019,8089.47
FDT46_BABATUNJI027,6741.23
FDT46_BABATUNJI035,9887.13
FDT46_BABATUNJI045,3465.49
FDT47_BABATUNJI027,18482.61
FDT47_BABATUNJI045,13284.37
FDT48_BABATUNJI013,7508.56
FDT48_BABATUNJI046,10106.84
FDT49_BABATUNJI017,14700.86
FDT49_BABATUNJI027,7350.43
FDT49_BABATUNJI035,9647.44
FDT49_BABATUNJI045,10106.84
FDT50_BABATUNJI018,1491.39
FDT50_BABATUNJI027,5592.72
FDT50_BABATUNJI035,5219.87
FDT50_BABATUNJI045,9321.2
FDT51_BABATUNJI019,4101.33
FDT52_BABATUNJI018,7829.81
FDT52_BABATUNJI046,3868.3
FDT52_BABATUNJI049,1757.71
FDT56_BABATUNJI018,10872.51
FDT56_BABATUNJI027,6618.05
FDT56_BABATUNJI035,7090.77
FDT56_BABATUNJI045,4254.46
FDT57_BABATUNJI010,11817.95
FDT57_BABATUNJI013,4973.53
FDT57_BABATUNJI049,4823.72
FDT59_BABATUNJI018,2986.11
FDT59_BABATUNJI049,2024.03
FDT60_BABATUNJI045,7699.98
FDU02_BABATUNJI013,10694.41
FDU02_BABATUNJI046,6416.65
FDU02_BABATUNJI049,4705.54
FDU04_BABATUNJI035,5561.09
FDU08_BABATUNJI018,6416.65
FDU08_BABATUNJI027,10694.41
FDU08_BABATUNJI035,878.86
FDU09_BABATUNJI027,4101.33
FDU09_BABATUNJI049,585.9
FDU10_BABATUNJI017,1203.43
FDU10_BABATUNJI018,11232.05
FDU10_BABATUNJI049,401.14
FDU11_BABATUNJI027,11232.05
FDU11_BABATUNJI035,3610.3
FDU11_BABATUNJI045,7220.6
FDU12_BABATUNJI010,802.29
FDU12_BABATUNJI013,2877.92
FDU12_BABATUNJI018,7400.37
FDU12_BABATUNJI027,6578.1
FDU12_BABATUNJI035,6578.1
FDU12_BABATUNJI045,7400.37
FDU12_BABATUNJI046,7811.5
FDU12_BABATUNJI049,223.04
FDU14_BABATUNJI010,2453.47
FDU14_BABATUNJI046,1905.85
FDU15_BABATUNJI017,3430.53
FDU15_BABATUNJI045,4574.05
FDU15_BABATUNJI046,1238.39
FDU15_BABATUNJI049,928.79
FDU16_BABATUNJI045,5263.15
FDU16_BABATUNJI049,8049.52
FDU19_BABATUNJI013,4334.36
FDU20_BABATUNJI027,12275.69
FDU20_BABATUNJI035,9329.52
FDU20_BABATUNJI045,7856.44
FDU21_BABATUNJI017,7265.54
FDU21_BABATUNJI019,9687.39
FDU21_BABATUNJI027,9687.39
FDU21_BABATUNJI035,3874.96
FDU21_BABATUNJI045,7964.63
FDU21_BABATUNJI049,1061.95
FDU22_BABATUNJI035,10619.51
FDU24_BABATUNJI017,10619.51
FDU24_BABATUNJI019,11150.49
FDU24_BABATUNJI027,3175.87
FDU25_BABATUNJI017,3440.52
FDU25_BABATUNJI018,2911.21
FDU25_BABATUNJI027,11974.41
FDU25_BABATUNJI035,1088.58
FDU25_BABATUNJI045,10885.83
FDU25_BABATUNJI046,2721.46
FDU25_BABATUNJI049,1632.87
FDU26_BABATUNJI027,23069.97
FDU26_BABATUNJI035,14740.81
FDU27_BABATUNJI017,645.83
FDU27_BABATUNJI027,5166.61
FDU27_BABATUNJI049,8718.65
FDU31_BABATUNJI046,6135.35
FDU32_BABATUNJI027,7104.09
FDU32_BABATUNJI035,3162.55
FDU33_BABATUNJI018,4427.57
FDU33_BABATUNJI019,2530.04
FDU33_BABATUNJI027,11817.95
FDU33_BABATUNJI035,6145.33
FDU33_BABATUNJI049,2363.59
FDU34_BABATUNJI027,15599.69
FDU34_BABATUNJI045,9252.96
FDU35_BABATUNJI027,11430.12
FDU35_BABATUNJI045,4898.62
FDU36_BABATUNJI018,302.94
FDU36_BABATUNJI019,6664.66
FDU36_BABATUNJI027,3029.39
FDU36_BABATUNJI035,2726.45
FDU37_BABATUNJI018,3332.33
FDU37_BABATUNJI027,7097.43
FDU37_BABATUNJI035,545.96
FDU37_BABATUNJI046,16924.64
FDU38_BABATUNJI010,15286.77
FDU38_BABATUNJI013,13102.94
FDU39_BABATUNJI017,12011.03
FDU39_BABATUNJI018,6010.51
FDU39_BABATUNJI027,1045.31
FDU39_BABATUNJI035,5218.21
FDU39_BABATUNJI045,948.77
FDU39_BABATUNJI046,13282.71
FDU40_BABATUNJI010,6166.97
FDU40_BABATUNJI013,10910.8
FDU43_BABATUNJI013,7829.81
FDU45_BABATUNJI027,5219.87
FDU46_BABATUNJI017,4450.87
FDU46_BABATUNJI027,3497.11
FDU46_BABATUNJI045,6040.47
FDU46_BABATUNJI046,4768.79
FDU46_BABATUNJI049,13422.53
FDU49_BABATUNJI018,639.17
FDU49_BABATUNJI035,27484.22
FDU49_BABATUNJI045,6649.68
FDU49_BABATUNJI049,782.32
FDU50_BABATUNJI027,10170.1
FDU50_BABATUNJI045,10561.25
FDU51_BABATUNJI013,6649.68
FDU55_BABATUNJI018,5566.09
FDU55_BABATUNJI049,7067.47
FDU56_BABATUNJI013,6103.72
FDU58_BABATUNJI010,5461.22
FDV02_BABATUNJI013,963.75
FDV07_BABATUNJI017,759.01
FDV07_BABATUNJI027,885.51
FDV07_BABATUNJI045,1038.65
FDV08_BABATUNJI018,3076.0
FDV08_BABATUNJI027,6711.26
FDV08_BABATUNJI045,3355.63
FDV10_BABATUNJI017,256.33
FDV10_BABATUNJI019,4870.33
FDV10_BABATUNJI035,3845.0
FDV10_BABATUNJI045,4357.66
FDV10_BABATUNJI046,7550.17
FDV12_BABATUNJI017,12583.62
FDV12_BABATUNJI018,3775.09
FDV12_BABATUNJI035,6516.52
FDV13_BABATUNJI018,6408.33
FDV13_BABATUNJI027,10985.7
FDV13_BABATUNJI049,15105.34
FDV14_BABATUNJI035,13732.13
FDV14_BABATUNJI049,9612.49
FDV15_BABATUNJI017,1105.23
FDV15_BABATUNJI018,5629.34
FDV15_BABATUNJI019,1481.41
FDV15_BABATUNJI027,5036.78
FDV16_BABATUNJI017,12059.3
FDV16_BABATUNJI018,18376.08
FDV16_BABATUNJI019,8039.54
FDV16_BABATUNJI035,2579.98
FDV16_BABATUNJI046,7481.93
FDV16_BABATUNJI049,547.62
FDV20_BABATUNJI027,7119.07
FDV21_BABATUNJI027,10952.41
FDV23_BABATUNJI027,519.32
FDV23_BABATUNJI035,4673.92
FDV23_BABATUNJI045,5712.56
FDV25_BABATUNJI013,4554.07
FDV25_BABATUNJI018,4807.08
FDV26_BABATUNJI013,3795.06
FDV26_BABATUNJI046,8925.05
FDV27_BABATUNJI017,8925.05
FDV27_BABATUNJI019,12112.57
FDV27_BABATUNJI045,1777.69
FDV28_BABATUNJI017,4740.5
FDV28_BABATUNJI018,8888.43
FDV28_BABATUNJI027,103.2
FDV28_BABATUNJI035,3868.3
FDV28_BABATUNJI046,16025.81
FDV31_BABATUNJI010,15473.19
FDV32_BABATUNJI017,306.27
FDV32_BABATUNJI018,575.92
FDV32_BABATUNJI019,3167.54
FDV32_BABATUNJI035,8350.8
FDV32_BABATUNJI045,8191.0
FDV32_BABATUNJI049,1293.32
FDV33_BABATUNJI018,12502.06
FDV33_BABATUNJI046,13364.27
FDV33_BABATUNJI049,11208.74
FDV34_BABATUNJI018,3017.74
FDV34_BABATUNJI045,642.5
FDV34_BABATUNJI049,7709.96
FDV36_BABATUNJI027,13492.44
FDV36_BABATUNJI045,1722.76
FDV37_BABATUNJI010,14930.57
FDV37_BABATUNJI013,5168.27
FDV38_BABATUNJI017,6316.78
FDV38_BABATUNJI018,3775.09
FDV38_BABATUNJI019,374.51
FDV38_BABATUNJI027,4494.15
FDV38_BABATUNJI035,1123.54
FDV38_BABATUNJI045,6741.23
FDV38_BABATUNJI049,4119.64
FDV39_BABATUNJI013,406.14
FDV39_BABATUNJI046,4670.59
FDV40_BABATUNJI017,4094.67
FDV40_BABATUNJI035,8189.34
FDV40_BABATUNJI045,30293.9
FDV40_BABATUNJI046,13329.32
FDV43_BABATUNJI017,710.74
FDV43_BABATUNJI027,8179.35
FDV43_BABATUNJI049,4847.02
FDV44_BABATUNJI013,7876.41
FDV45_BABATUNJI013,7876.41
FDV47_BABATUNJI017,3635.27
FDV47_BABATUNJI018,4613.99
FDV47_BABATUNJI019,16987.89
FDV47_BABATUNJI035,629.18
FDV47_BABATUNJI049,5033.45
FDV48_BABATUNJI017,1293.32
FDV48_BABATUNJI018,10346.53
FDV48_BABATUNJI027,9053.22
FDV48_BABATUNJI049,5173.27
FDV49_BABATUNJI018,5604.37
FDV49_BABATUNJI027,4127.96
FDV49_BABATUNJI035,4127.96
FDV49_BABATUNJI045,7223.93
FDV49_BABATUNJI046,6178.62
FDV49_BABATUNJI049,3475.48
FDV52_BABATUNJI045,15060.4
FDV56_BABATUNJI027,7723.28
FDV56_BABATUNJI045,439.43
FDV57_BABATUNJI013,3735.14
FDV59_BABATUNJI010,2167.18
FDV59_BABATUNJI018,928.79
FDV59_BABATUNJI046,7739.93
FDV60_BABATUNJI010,9907.1
FDV60_BABATUNJI013,9404.43
FDW02_BABATUNJI027,12037.66
FDW02_BABATUNJI045,11285.31
FDW03_BABATUNJI035,10909.13
FDW04_BABATUNJI027,5293.11
FDW07_BABATUNJI017,3705.18
FDW07_BABATUNJI027,2646.56
FDW07_BABATUNJI045,19859.15
FDW07_BABATUNJI046,11624.87
FDW08_BABATUNJI027,12109.24
FDW09_BABATUNJI017,7643.38
FDW09_BABATUNJI027,15286.77
FDW09_BABATUNJI045,11465.08
FDW09_BABATUNJI046,4299.4
FDW09_BABATUNJI049,12898.21
FDW11_BABATUNJI017,9076.52
FDW11_BABATUNJI018,439.43
FDW11_BABATUNJI027,8349.13
FDW11_BABATUNJI049,3954.85
FDW13_BABATUNJI017,878.86
FDW13_BABATUNJI018,9227.99
FDW13_BABATUNJI019,5273.14
FDW13_BABATUNJI027,8349.13
FDW13_BABATUNJI035,7470.28
FDW13_BABATUNJI045,5149.96
FDW13_BABATUNJI046,6361.72
FDW13_BABATUNJI049,5452.9
FDW14_BABATUNJI018,5755.84
FDW14_BABATUNJI035,918.8
FDW14_BABATUNJI046,13322.66
FDW16_BABATUNJI027,6431.63
FDW19_BABATUNJI017,5053.42
FDW19_BABATUNJI027,4753.81
FDW19_BABATUNJI045,2237.09
FDW20_BABATUNJI027,6151.99
FDW20_BABATUNJI035,1677.82
FDW21_BABATUNJI017,88.22
FDW21_BABATUNJI027,5627.67
FDW21_BABATUNJI035,1957.45
FDW22_BABATUNJI018,5476.21
FDW23_BABATUNJI019,1955.79
FDW23_BABATUNJI035,1173.47
FDW23_BABATUNJI045,8214.31
FDW23_BABATUNJI046,2738.1
FDW23_BABATUNJI049,236.36
FDW24_BABATUNJI019,2599.95
FDW24_BABATUNJI027,11175.45
FDW24_BABATUNJI035,16763.18
FDW24_BABATUNJI045,14900.6
FDW24_BABATUNJI046,4031.42
FDW24_BABATUNJI049,209.73
FDW25_BABATUNJI027,4823.72
FDW25_BABATUNJI035,366.19
FDW25_BABATUNJI046,8422.37
FDW25_BABATUNJI049,4028.09
FDW26_BABATUNJI010,8788.56
FDW26_BABATUNJI013,10719.38
FDW26_BABATUNJI046,1148.51
FDW28_BABATUNJI010,6891.03
FDW28_BABATUNJI013,1531.34
FDW28_BABATUNJI046,3445.52
FDW31_BABATUNJI013,1148.51
FDW32_BABATUNJI018,1887.54
FDW32_BABATUNJI019,301.27
FDW32_BABATUNJI035,10949.08
FDW32_BABATUNJI045,5972.23
FDW32_BABATUNJI046,995.37
FDW33_BABATUNJI017,15428.25
FDW33_BABATUNJI035,1990.74
FDW34_BABATUNJI013,11944.45
FDW34_BABATUNJI046,555.94
FDW35_BABATUNJI017,4725.52
FDW35_BABATUNJI018,8339.15
FDW35_BABATUNJI019,2501.74
FDW35_BABATUNJI035,3891.6
FDW35_BABATUNJI045,3335.66
FDW35_BABATUNJI049,13415.87
FDW36_BABATUNJI019,7739.93
FDW36_BABATUNJI027,729.05
FDW36_BABATUNJI035,1458.1
FDW37_BABATUNJI017,3159.22
FDW37_BABATUNJI027,3645.26
FDW37_BABATUNJI045,476.05
FDW38_BABATUNJI017,277.97
FDW38_BABATUNJI018,3335.66
FDW38_BABATUNJI019,555.94
FDW38_BABATUNJI027,20072.21
FDW38_BABATUNJI035,13597.3
FDW38_BABATUNJI046,2589.96
FDW43_BABATUNJI013,1624.55
FDW43_BABATUNJI046,4467.52
FDW44_BABATUNJI013,6498.21
FDW46_BABATUNJI017,7716.62
FDW46_BABATUNJI018,4467.52
FDW46_BABATUNJI019,4412.59
FDW46_BABATUNJI035,5616.02
FDW46_BABATUNJI045,7621.75
FDW47_BABATUNJI045,7621.75
FDW48_BABATUNJI017,2576.65
FDW48_BABATUNJI018,2576.65
FDW48_BABATUNJI019,1717.76
FDW48_BABATUNJI027,7729.94
FDW48_BABATUNJI035,5582.73
FDW48_BABATUNJI045,2027.36
FDW48_BABATUNJI049,3765.1
FDW49_BABATUNJI013,3185.85
FDW51_BABATUNJI010,674.12
FDW51_BABATUNJI046,1551.31
FDW55_BABATUNJI010,775.66
FDW55_BABATUNJI013,9307.88
FDW55_BABATUNJI046,11634.86
FDW56_BABATUNJI010,6205.26
FDW58_BABATUNJI035,5817.43
FDW59_BABATUNJI017,3102.63
FDW59_BABATUNJI019,3740.13
FDW59_BABATUNJI035,18166.35
FDW59_BABATUNJI045,13357.61
FDW59_BABATUNJI046,1822.63
FDW60_BABATUNJI013,6925.98
FDX01_BABATUNJI027,14945.55
FDX01_BABATUNJI035,8748.61
FDX01_BABATUNJI045,10206.71
FDX02_BABATUNJI013,4009.78
FDX02_BABATUNJI018,113.19
FDX02_BABATUNJI046,2205.46
FDX03_BABATUNJI019,7057.48
FDX03_BABATUNJI027,9262.94
FDX03_BABATUNJI045,7498.57
FDX03_BABATUNJI049,7939.67
FDX04_BABATUNJI017,3528.74
FDX04_BABATUNJI018,559.27
FDX04_BABATUNJI019,7270.54
FDX04_BABATUNJI027,4194.54
FDX04_BABATUNJI035,3914.9
FDX04_BABATUNJI045,3355.63
FDX04_BABATUNJI046,1323.28
FDX04_BABATUNJI049,7057.48
FDX07_BABATUNJI010,14114.96
FDX09_BABATUNJI013,882.19
FDX10_BABATUNJI017,15879.33
FDX10_BABATUNJI027,6616.39
FDX10_BABATUNJI045,8380.76
FDX10_BABATUNJI046,1348.25
FDX11_BABATUNJI013,6624.71
FDX12_BABATUNJI010,3099.3
FDX12_BABATUNJI046,8412.38
FDX13_BABATUNJI013,2656.54
FDX13_BABATUNJI018,3984.81
FDX13_BABATUNJI046,993.71
FDX14_BABATUNJI017,5962.24
FDX14_BABATUNJI019,7618.42
FDX14_BABATUNJI046,4637.3
FDX14_BABATUNJI049,3643.59
FDX19_BABATUNJI013,5299.77
FDX19_BABATUNJI018,4485.83
FDX19_BABATUNJI046,4485.83
FDX19_BABATUNJI049,7340.45
FDX20_BABATUNJI013,10195.06
FDX20_BABATUNJI018,6524.84
FDX20_BABATUNJI046,7290.51
FDX21_BABATUNJI019,729.05
FDX21_BABATUNJI027,8019.56
FDX21_BABATUNJI035,4738.83
FDX21_BABATUNJI045,10935.77
FDX22_BABATUNJI046,570.92
FDX23_BABATUNJI017,15414.93
FDX23_BABATUNJI018,13702.16
FDX23_BABATUNJI035,9134.78
FDX24_BABATUNJI019,7964.63
FDX24_BABATUNJI027,5218.21
FDX24_BABATUNJI035,20613.17
FDX24_BABATUNJI045,11451.76
FDX26_BABATUNJI010,6469.91
FDX26_BABATUNJI013,22395.85
FDX27_BABATUNJI018,10949.08
FDX28_BABATUNJI018,2488.43
FDX28_BABATUNJI027,9456.02
FDX28_BABATUNJI035,629.18
FDX31_BABATUNJI010,1468.09
FDX31_BABATUNJI013,20523.29
FDX31_BABATUNJI018,15962.56
FDX31_BABATUNJI046,5472.88
FDX34_BABATUNJI027,5016.8
FDX34_BABATUNJI035,10489.68
FDX34_BABATUNJI045,10033.61
FDX35_BABATUNJI013,5472.88
FDX35_BABATUNJI046,12313.97
FDX36_BABATUNJI013,5639.33
FDX36_BABATUNJI018,274.64
FDX36_BABATUNJI046,1464.76
FDX37_BABATUNJI017,652.48
FDX37_BABATUNJI027,2936.18
FDX37_BABATUNJI035,2283.69
FDX38_BABATUNJI018,3588.66
FDX38_BABATUNJI019,5872.36
FDX38_BABATUNJI046,8808.53
FDX39_BABATUNJI010,4893.63
FDX39_BABATUNJI013,11353.55
FDX39_BABATUNJI046,10756.0
FDX40_BABATUNJI017,21512.0
FDX40_BABATUNJI019,1098.57
FDX40_BABATUNJI035,6957.61
FDX40_BABATUNJI045,6591.42
FDX40_BABATUNJI046,6225.23
FDX44_BABATUNJI017,366.19
FDX44_BABATUNJI018,8422.37
FDX44_BABATUNJI027,6225.23
FDX44_BABATUNJI035,7323.8
FDX44_BABATUNJI049,10729.37
FDX46_BABATUNJI027,4389.29
FDX46_BABATUNJI035,15606.35
FDX46_BABATUNJI045,3901.59
FDX46_BABATUNJI046,1138.52
FDX46_BABATUNJI049,4174.57
FDX49_BABATUNJI013,7969.63
FDX50_BABATUNJI017,4554.07
FDX50_BABATUNJI027,11005.67
FDX50_BABATUNJI035,759.01
FDX50_BABATUNJI045,3795.06
FDX51_BABATUNJI010,3795.06
FDX51_BABATUNJI046,239.69
FDX55_BABATUNJI046,1438.13
FDX56_BABATUNJI013,6771.19
FDX56_BABATUNJI046,5642.66
FDX57_BABATUNJI017,9404.43
FDX57_BABATUNJI018,6018.83
FDX57_BABATUNJI027,2866.27
FDX58_BABATUNJI010,2866.27
FDX58_BABATUNJI013,477.71
FDX59_BABATUNJI018,21974.73
FDX59_BABATUNJI027,10031.94
FDX59_BABATUNJI045,6687.96
FDX59_BABATUNJI046,5672.62
FDX60_BABATUNJI017,9454.36
FDX60_BABATUNJI018,13236.1
FDX60_BABATUNJI027,10872.51
FDX60_BABATUNJI045,7090.77
FDX60_BABATUNJI046,8508.92
FDY01_BABATUNJI035,8375.76
FDY02_BABATUNJI010,11824.61
FDY02_BABATUNJI018,17736.91
FDY02_BABATUNJI027,6897.69
FDY02_BABATUNJI035,3535.4
FDY02_BABATUNJI045,7070.8
FDY03_BABATUNJI017,3007.75
FDY03_BABATUNJI027,6015.5
FDY03_BABATUNJI045,3701.85
FDY07_BABATUNJI017,17662.01
FDY07_BABATUNJI018,13737.12
FDY07_BABATUNJI027,1544.66
FDY07_BABATUNJI045,14221.49
FDY07_BABATUNJI049,3555.37
FDY08_BABATUNJI027,444.42
FDY10_BABATUNJI027,14665.91
FDY10_BABATUNJI045,4444.22
FDY11_BABATUNJI017,3110.95
FDY11_BABATUNJI018,4888.64
FDY11_BABATUNJI046,10241.67
FDY11_BABATUNJI049,1950.79
FDY12_BABATUNJI017,14630.96
FDY12_BABATUNJI018,7315.48
FDY12_BABATUNJI046,322.91
FDY13_BABATUNJI017,702.42
FDY13_BABATUNJI018,4214.51
FDY13_BABATUNJI019,4214.51
FDY13_BABATUNJI035,11238.7
FDY13_BABATUNJI045,9131.45
FDY13_BABATUNJI049,4214.51
FDY14_BABATUNJI013,5970.56
FDY14_BABATUNJI035,3415.55
FDY14_BABATUNJI046,5123.33
FDY14_BABATUNJI049,3984.81
FDY16_BABATUNJI013,2277.04
FDY19_BABATUNJI045,7939.67
FDY20_BABATUNJI017,3969.83
FDY20_BABATUNJI018,4410.93
FDY20_BABATUNJI046,8570.51
FDY21_BABATUNJI010,14885.62
FDY21_BABATUNJI013,3608.64
FDY21_BABATUNJI046,10066.9
FDY24_BABATUNJI018,559.27
FDY24_BABATUNJI035,17896.7
FDY24_BABATUNJI049,14541.07
FDY25_BABATUNJI013,6711.26
FDY26_BABATUNJI010,314.59
FDY26_BABATUNJI046,4404.27
FDY27_BABATUNJI013,11639.85
FDY28_BABATUNJI013,4089.68
FDY35_BABATUNJI018,1887.54
FDY35_BABATUNJI019,2649.88
FDY35_BABATUNJI027,3928.22
FDY35_BABATUNJI035,3535.4
FDY35_BABATUNJI045,5892.33
FDY35_BABATUNJI049,5106.69
FDY36_BABATUNJI017,539.3
FDY36_BABATUNJI019,7010.87
FDY36_BABATUNJI027,7280.52
FDY36_BABATUNJI045,10246.66
FDY36_BABATUNJI046,9154.75
FDY36_BABATUNJI049,9887.13
FDY38_BABATUNJI013,1830.95
FDY38_BABATUNJI049,13182.84
FDY39_BABATUNJI010,5492.85
FDY40_BABATUNJI017,9887.13
FDY40_BABATUNJI018,11351.89
FDY40_BABATUNJI019,569.26
FDY40_BABATUNJI046,1518.02
FDY44_BABATUNJI046,7297.17
FDY45_BABATUNJI018,3192.51
FDY45_BABATUNJI049,12313.97
FDY47_BABATUNJI027,309.6
FDY48_BABATUNJI019,2321.98
FDY48_BABATUNJI035,1757.71
FDY48_BABATUNJI045,4497.48
FDY50_BABATUNJI017,963.75
FDY50_BABATUNJI018,4176.23
FDY50_BABATUNJI027,4818.73
FDY50_BABATUNJI035,6746.22
FDY50_BABATUNJI045,1549.65
FDY50_BABATUNJI046,1657.84
FDY51_BABATUNJI018,6355.06
FDY51_BABATUNJI046,18970.31
FDY52_BABATUNJI017,22895.2
FDY52_BABATUNJI019,9329.52
FDY52_BABATUNJI045,491.03
FDY52_BABATUNJI046,5892.33
FDY52_BABATUNJI049,6874.39
FDY55_BABATUNJI013,1964.11
FDY55_BABATUNJI018,858.88
FDY55_BABATUNJI046,7217.27
FDY55_BABATUNJI049,451.08
FDY56_BABATUNJI010,6315.11
FDY56_BABATUNJI013,7668.35
FDY56_BABATUNJI018,5864.03
FDY56_BABATUNJI046,7668.35
FDY57_BABATUNJI017,702.42
FDY57_BABATUNJI018,2809.68
FDY57_BABATUNJI035,3160.89
FDY57_BABATUNJI045,4916.93
FDY58_BABATUNJI018,6672.98
FDY59_BABATUNJI018,3512.1
FDY59_BABATUNJI027,2435.16
FDY59_BABATUNJI035,3763.43
FDY59_BABATUNJI045,1707.78
FDZ01_BABATUNJI027,2846.3
FDZ01_BABATUNJI035,5005.15
FDZ02_BABATUNJI017,9612.49
FDZ02_BABATUNJI027,7415.35
FDZ02_BABATUNJI045,7415.35
FDZ03_BABATUNJI010,289.62
FDZ04_BABATUNJI017,1737.74
FDZ04_BABATUNJI045,6371.71
FDZ04_BABATUNJI046,4633.97
FDZ04_BABATUNJI049,6767.86
FDZ07_BABATUNJI018,4986.84
FDZ07_BABATUNJI019,12467.11
FDZ07_BABATUNJI027,91.55
FDZ07_BABATUNJI049,732.38
FDZ08_BABATUNJI017,10253.32
FDZ08_BABATUNJI027,12583.62
FDZ08_BABATUNJI035,5592.72
FDZ08_BABATUNJI045,4660.6
FDZ08_BABATUNJI049,3262.42
FDZ10_BABATUNJI027,13820.34
FDZ13_BABATUNJI017,1201.77
FDZ13_BABATUNJI018,22833.61
FDZ13_BABATUNJI045,529.31
FDZ13_BABATUNJI046,8204.32
FDZ14_BABATUNJI027,5028.45
FDZ15_BABATUNJI027,1787.67
FDZ15_BABATUNJI035,6554.8
FDZ15_BABATUNJI045,297.95
FDZ16_BABATUNJI010,5363.02
FDZ16_BABATUNJI013,6554.8
FDZ20_BABATUNJI010,3954.85
FDZ20_BABATUNJI013,752.35
FDZ20_BABATUNJI046,5266.48
FDZ20_BABATUNJI049,376.18
FDZ21_BABATUNJI017,7899.72
FDZ21_BABATUNJI018,7899.72
FDZ21_BABATUNJI027,3761.77
FDZ21_BABATUNJI035,3338.99
FDZ22_BABATUNJI017,5542.79
FDZ22_BABATUNJI019,13302.68
FDZ22_BABATUNJI027,2771.39
FDZ22_BABATUNJI045,253.0
FDZ22_BABATUNJI049,4807.08
FDZ23_BABATUNJI010,8908.4
FDZ23_BABATUNJI013,4825.39
FDZ25_BABATUNJI013,2227.1
FDZ26_BABATUNJI010,742.37
FDZ26_BABATUNJI013,10393.14
FDZ26_BABATUNJI018,8908.4
FDZ26_BABATUNJI046,11135.51
FDZ26_BABATUNJI049,6310.12
FDZ27_BABATUNJI017,9837.2
FDZ27_BABATUNJI019,3936.54
FDZ27_BABATUNJI045,7515.22
FDZ27_BABATUNJI049,1073.6
FDZ28_BABATUNJI045,4294.41
FDZ32_BABATUNJI019,6083.75
FDZ32_BABATUNJI045,3578.68
FDZ34_BABATUNJI013,6017.17
FDZ34_BABATUNJI046,10028.61
FDZ35_BABATUNJI017,6017.17
FDZ35_BABATUNJI027,11633.19
FDZ35_BABATUNJI035,6418.31
FDZ35_BABATUNJI045,823.93
FDZ36_BABATUNJI013,6866.06
FDZ37_BABATUNJI027,3570.35
FDZ37_BABATUNJI046,274.64
FDZ38_BABATUNJI013,5392.98
FDZ39_BABATUNJI017,11684.79
FDZ39_BABATUNJI027,2696.49
FDZ39_BABATUNJI035,7964.63
FDZ39_BABATUNJI045,11681.46
FDZ40_BABATUNJI017,10088.53
FDZ40_BABATUNJI018,6891.03
FDZ40_BABATUNJI027,2756.41
FDZ40_BABATUNJI045,8269.24
FDZ40_BABATUNJI049,7809.83
FDZ43_BABATUNJI013,918.8
FDZ43_BABATUNJI018,1378.21
FDZ43_BABATUNJI046,491.03
FDZ44_BABATUNJI035,3204.16
FDZ45_BABATUNJI010,640.83
FDZ45_BABATUNJI013,18584.14
FDZ46_BABATUNJI017,11534.99
FDZ46_BABATUNJI035,12175.82
FDZ47_BABATUNJI017,6741.23
FDZ47_BABATUNJI027,7115.74
FDZ47_BABATUNJI035,7490.25
FDZ48_BABATUNJI017,5617.69
FDZ48_BABATUNJI045,5243.18
FDZ49_BABATUNJI013,6741.23
FDZ49_BABATUNJI046,8898.42
FDZ51_BABATUNJI017,329.57
FDZ51_BABATUNJI027,2966.14
FDZ52_BABATUNJI027,5602.71
FDZ52_BABATUNJI035,4284.42
FDZ58_BABATUNJI027,148.14
FDZ58_BABATUNJI035,888.84
FDZ60_BABATUNJI019,4693.89
FDZ60_BABATUNJI027,2346.95
FDZ60_BABATUNJI035,8918.39
NCA06_BABATUNJI017,9387.78
NCA06_BABATUNJI018,9857.17
NCA06_BABATUNJI027,7899.72
NCA06_BABATUNJI045,11849.58
NCA06_BABATUNJI046,11285.31
NCA06_BABATUNJI049,9892.12
NCA18_BABATUNJI045,1884.21
NCA29_BABATUNJI013,7536.86
NCA30_BABATUNJI010,10834.23
NCA30_BABATUNJI013,8688.69
NCA53_BABATUNJI017,5692.59
NCA53_BABATUNJI018,4793.76
NCA53_BABATUNJI019,7323.8
NCA53_BABATUNJI045,1373.21
NCA53_BABATUNJI046,5035.11
NCA53_BABATUNJI049,7323.8
NCA54_BABATUNJI010,13667.21
NCA54_BABATUNJI013,22127.86
NCB07_BABATUNJI010,5626.01
NCB18_BABATUNJI018,10819.25
NCB18_BABATUNJI019,5193.24
NCB18_BABATUNJI027,15579.72
NCB18_BABATUNJI035,2316.98
NCB18_BABATUNJI045,19298.21
NCB18_BABATUNJI046,16185.6
NCB18_BABATUNJI049,10582.89
NCB19_BABATUNJI017,14940.55
NCB19_BABATUNJI019,3505.44
NCB19_BABATUNJI027,386.16
NCB19_BABATUNJI035,5599.38
NCB19_BABATUNJI046,7962.97
NCB19_BABATUNJI049,8881.77
NCB30_BABATUNJI010,6431.63
NCB30_BABATUNJI046,4900.29
NCB31_BABATUNJI018,3675.22
NCB31_BABATUNJI027,3894.93
NCB31_BABATUNJI035,5992.2
NCB31_BABATUNJI045,4494.15
NCB31_BABATUNJI046,8788.56
NCB31_BABATUNJI049,7030.85
NCB42_BABATUNJI027,3515.42
NCB42_BABATUNJI035,5266.48
NCB42_BABATUNJI045,4137.95
NCB43_BABATUNJI013,3385.59
NCB55_BABATUNJI018,4514.12
NCB55_BABATUNJI045,9028.25
NCB55_BABATUNJI046,9780.6
NCC07_BABATUNJI027,12290.67
NCC07_BABATUNJI035,6145.33
NCC07_BABATUNJI045,3309.03
NCC19_BABATUNJI013,6618.05
NCC30_BABATUNJI013,6145.33
NCC43_BABATUNJI013,7065.8
NCC43_BABATUNJI018,4239.48
NCC43_BABATUNJI046,1413.16
NCC43_BABATUNJI049,12718.44
NCC54_BABATUNJI010,13189.5
NCC54_BABATUNJI013,5652.64
NCC54_BABATUNJI018,7065.8
NCC54_BABATUNJI049,4595.68
NCC55_BABATUNJI018,6684.63
NCC55_BABATUNJI035,1051.96
NCD06_BABATUNJI017,1314.96
NCD06_BABATUNJI018,6048.79
NCD06_BABATUNJI046,4996.83
NCD06_BABATUNJI049,4613.99
NCD18_BABATUNJI013,441.09
NCD18_BABATUNJI018,1764.37
NCD18_BABATUNJI046,12112.57
NCD19_BABATUNJI017,1275.01
NCD19_BABATUNJI045,5100.03
NCD19_BABATUNJI046,14662.58
NCD19_BABATUNJI049,1133.52
NCD30_BABATUNJI027,9446.04
NCD30_BABATUNJI045,5667.62
NCD42_BABATUNJI018,6045.46
NCD42_BABATUNJI027,4911.94
NCD42_BABATUNJI045,8901.75
NCD42_BABATUNJI049,1907.52
NCD43_BABATUNJI019,8901.75
NCD43_BABATUNJI045,317.92
NCD55_BABATUNJI017,1271.68
NCD55_BABATUNJI027,389.49
NCD55_BABATUNJI049,2946.17
NCE07_BABATUNJI027,5597.71
NCE18_BABATUNJI013,3139.25
NCE18_BABATUNJI018,253.0
NCE18_BABATUNJI046,2916.2
NCE19_BABATUNJI019,9920.42
NCE19_BABATUNJI027,11904.5
NCE19_BABATUNJI035,1984.08
NCE19_BABATUNJI045,9424.4
NCE19_BABATUNJI046,7190.64
NCE19_BABATUNJI049,1597.92
NCE30_BABATUNJI013,5060.08
NCE30_BABATUNJI046,3462.16
NCE31_BABATUNJI017,2396.88
NCE31_BABATUNJI018,3355.63
NCE31_BABATUNJI027,279.64
NCE31_BABATUNJI045,4194.54
NCE31_BABATUNJI046,838.91
NCE31_BABATUNJI049,6737.9
NCE42_BABATUNJI013,10413.11
NCE42_BABATUNJI018,7100.76
NCE42_BABATUNJI046,13807.03
NCE54_BABATUNJI017,1183.46
NCE54_BABATUNJI018,17357.41
NCE54_BABATUNJI019,8678.7
NCE54_BABATUNJI027,2761.41
NCE54_BABATUNJI035,9073.19
NCE54_BABATUNJI045,7495.24
NCE54_BABATUNJI046,1013.68
NCF06_BABATUNJI010,8295.87
NCF06_BABATUNJI046,16591.74
NCF06_BABATUNJI049,11851.24
NCF07_BABATUNJI017,1258.36
NCF07_BABATUNJI018,3355.63
NCF07_BABATUNJI027,5452.9
NCF07_BABATUNJI035,8808.53
NCF18_BABATUNJI010,3355.63
NCF18_BABATUNJI013,8389.08
NCF19_BABATUNJI017,4607.34
NCF19_BABATUNJI018,8062.84
NCF19_BABATUNJI019,17277.51
NCF19_BABATUNJI027,8062.84
NCF42_BABATUNJI010,3715.16
NCF42_BABATUNJI013,4334.36
NCF55_BABATUNJI045,309.6
NCF55_BABATUNJI046,8049.52
NCG06_BABATUNJI013,6015.5
NCG06_BABATUNJI018,1388.19
NCG06_BABATUNJI046,11105.54
NCG07_BABATUNJI013,12493.74
NCG18_BABATUNJI018,6298.47
NCG18_BABATUNJI027,2290.35
NCG18_BABATUNJI035,6871.06
NCG19_BABATUNJI013,13169.52
NCG19_BABATUNJI049,5016.8
NCG30_BABATUNJI027,3192.51
NCG30_BABATUNJI045,9577.53
NCG42_BABATUNJI045,1218.41
NCG43_BABATUNJI018,1218.41
NCG43_BABATUNJI019,7005.88
NCG43_BABATUNJI027,7310.48
NCG43_BABATUNJI045,2644.89
NCH06_BABATUNJI010,377.84
NCH06_BABATUNJI018,7556.83
NCH18_BABATUNJI010,4156.26
NCH18_BABATUNJI013,4534.1
NCH18_BABATUNJI018,10579.56
NCH18_BABATUNJI049,992.04
NCH29_BABATUNJI017,1584.6
NCH29_BABATUNJI018,3314.02
NCH29_BABATUNJI035,903.82
NCH29_BABATUNJI045,5121.67
NCH30_BABATUNJI027,1977.43
NCH30_BABATUNJI035,8460.65
NCH30_BABATUNJI045,7724.94
NCH42_BABATUNJI010,5517.82
NCH42_BABATUNJI018,1471.42
NCH43_BABATUNJI013,11035.64
NCH43_BABATUNJI018,2574.98
NCH55_BABATUNJI027,3678.55
NCH55_BABATUNJI045,6253.53
NCI06_BABATUNJI013,25591.69
NCI17_BABATUNJI017,2496.75
NCI17_BABATUNJI018,12483.75
NCI17_BABATUNJI027,179.77
NCI17_BABATUNJI045,1707.78
NCI18_BABATUNJI018,1677.82
NCI18_BABATUNJI046,6897.69
NCI29_BABATUNJI027,8622.11
NCI30_BABATUNJI013,12070.95
NCI30_BABATUNJI018,4311.06
NCI30_BABATUNJI046,3879.95
NCI31_BABATUNJI018,7759.9
NCI31_BABATUNJI019,3448.84
NCI31_BABATUNJI027,3314.02
NCI31_BABATUNJI035,4519.12
NCI31_BABATUNJI045,903.82
NCI31_BABATUNJI049,7230.59
NCI42_BABATUNJI013,424.45
NCI42_BABATUNJI046,7999.59
NCI43_BABATUNJI017,5036.78
NCI43_BABATUNJI018,1185.12
NCI43_BABATUNJI027,9184.71
NCI43_BABATUNJI035,825.59
NCI43_BABATUNJI046,7843.12
NCI54_BABATUNJI017,5779.14
NCI54_BABATUNJI019,6191.94
NCI54_BABATUNJI027,8668.72
NCI54_BABATUNJI035,9494.31
NCI54_BABATUNJI045,9907.1
NCI55_BABATUNJI027,8255.92
NCI55_BABATUNJI035,3029.39
NCI55_BABATUNJI045,2563.33
NCJ06_BABATUNJI035,5126.66
NCJ17_BABATUNJI017,297.95
NCJ17_BABATUNJI018,4171.24
NCJ17_BABATUNJI045,3873.29
NCJ18_BABATUNJI027,893.84
NCJ18_BABATUNJI035,2681.51
NCJ18_BABATUNJI045,119.84
NCJ19_BABATUNJI018,719.06
NCJ19_BABATUNJI027,11776.34
NCJ19_BABATUNJI045,4239.48
NCJ19_BABATUNJI046,942.11
NCJ29_BABATUNJI018,5652.64
NCJ29_BABATUNJI027,2355.27
NCJ29_BABATUNJI035,7596.78
NCJ29_BABATUNJI045,8139.41
NCJ29_BABATUNJI049,7054.15
NCJ30_BABATUNJI013,304.6
NCJ31_BABATUNJI013,3959.85
NCJ31_BABATUNJI046,2132.22
NCJ31_BABATUNJI049,3655.24
NCJ42_BABATUNJI017,114.85
NCJ42_BABATUNJI018,5913.97
NCJ42_BABATUNJI019,8715.32
NCJ42_BABATUNJI027,622.52
NCJ42_BABATUNJI045,4046.4
NCJ54_BABATUNJI013,7470.28
NCJ54_BABATUNJI046,499.35
NCK05_BABATUNJI017,5992.2
NCK05_BABATUNJI018,3448.84
NCK05_BABATUNJI019,5912.3
NCK05_BABATUNJI027,2217.11
NCK05_BABATUNJI035,5392.98
NCK05_BABATUNJI046,7190.64
NCK06_BABATUNJI027,1438.13
NCK06_BABATUNJI035,18695.66
NCK06_BABATUNJI045,11025.65
NCK17_BABATUNJI017,11505.02
NCK17_BABATUNJI019,4843.7
NCK17_BABATUNJI027,6781.17
NCK17_BABATUNJI045,5328.06
NCK17_BABATUNJI049,7265.54
NCK19_BABATUNJI010,5363.02
NCK19_BABATUNJI013,8528.9
NCK29_BABATUNJI027,8122.76
NCK29_BABATUNJI035,1218.41
NCK30_BABATUNJI010,7716.62
NCK30_BABATUNJI013,2436.83
NCK30_BABATUNJI018,12996.42
NCK31_BABATUNJI018,1707.78
NCK31_BABATUNJI027,8254.26
NCK31_BABATUNJI046,4554.07
NCK42_BABATUNJI046,649.16
NCK53_BABATUNJI017,6707.94
NCK53_BABATUNJI018,702.42
NCK53_BABATUNJI027,1053.63
NCK53_BABATUNJI035,5970.56
NCK54_BABATUNJI027,659.14
NCK54_BABATUNJI045,659.14
NCL05_BABATUNJI018,3954.85
NCL05_BABATUNJI019,3435.53
NCL05_BABATUNJI027,3149.23
NCL05_BABATUNJI035,1431.47
NCL05_BABATUNJI046,5755.84
NCL05_BABATUNJI049,16824.77
NCL06_BABATUNJI010,11511.68
NCL06_BABATUNJI049,8412.38
NCL07_BABATUNJI019,9740.65
NCL07_BABATUNJI027,6258.52
NCL07_BABATUNJI045,782.32
NCL07_BABATUNJI046,4302.73
NCL18_BABATUNJI013,6258.52
NCL18_BABATUNJI046,23429.5
NCL30_BABATUNJI027,11063.93
NCL41_BABATUNJI017,20286.93
NCL41_BABATUNJI018,5071.73
NCL41_BABATUNJI019,1128.53
NCL41_BABATUNJI035,5266.48
NCL41_BABATUNJI046,9028.25
NCL41_BABATUNJI049,6771.19
NCL42_BABATUNJI013,6018.83
NCL42_BABATUNJI049,11693.11
NCL53_BABATUNJI010,5144.97
NCL53_BABATUNJI013,6548.14
NCL55_BABATUNJI046,7483.59
NCM05_BABATUNJI010,5279.79
NCM05_BABATUNJI027,14214.83
NCM05_BABATUNJI035,4467.52
NCM05_BABATUNJI046,8935.04
NCM05_BABATUNJI049,422.78
NCM07_BABATUNJI017,7187.31
NCM07_BABATUNJI018,16065.75
NCM07_BABATUNJI019,387.83
NCM07_BABATUNJI027,8144.4
NCM07_BABATUNJI035,4653.94
NCM07_BABATUNJI046,387.83
NCM07_BABATUNJI049,16288.8
NCM17_BABATUNJI017,8920.06
NCM17_BABATUNJI018,5429.6
NCM17_BABATUNJI027,1283.33
NCM17_BABATUNJI046,7699.98
NCM18_BABATUNJI027,7272.2
NCM18_BABATUNJI045,8983.31
NCM18_BABATUNJI049,4653.94
NCM19_BABATUNJI027,7368.74
NCM19_BABATUNJI045,13186.17
NCM29_BABATUNJI027,7368.74
NCM30_BABATUNJI017,5817.43
NCM30_BABATUNJI018,1571.29
NCM30_BABATUNJI019,3142.58
NCM30_BABATUNJI027,7463.62
NCM30_BABATUNJI046,3535.4
NCM30_BABATUNJI049,3928.22
NCM41_BABATUNJI018,2356.93
NCM41_BABATUNJI045,3142.58
NCM42_BABATUNJI017,6907.68
NCM53_BABATUNJI017,1657.84
NCM53_BABATUNJI045,1468.09
NCM54_BABATUNJI027,742.37
NCM55_BABATUNJI010,5567.75
NCN14_BABATUNJI010,3340.65
NCN17_BABATUNJI018,5567.75
NCN17_BABATUNJI035,1484.73
NCN18_BABATUNJI027,8166.04
NCN18_BABATUNJI035,5196.57
NCN18_BABATUNJI045,8537.22
NCN19_BABATUNJI013,2188.82
NCN26_BABATUNJI035,5253.16
NCN26_BABATUNJI045,7879.74
NCN29_BABATUNJI017,1751.05
NCN29_BABATUNJI019,4434.23
NCN29_BABATUNJI045,1757.71
NCN29_BABATUNJI049,2856.28
NCN30_BABATUNJI018,8049.52
NCN30_BABATUNJI027,4154.59
NCN30_BABATUNJI035,1697.79
NCN43_BABATUNJI027,5214.88
NCN53_BABATUNJI017,9226.32
NCN53_BABATUNJI018,3610.3
NCN53_BABATUNJI019,401.14
NCN53_BABATUNJI027,5616.02
NCN53_BABATUNJI035,10429.76
NCN54_BABATUNJI017,12034.34
NCN54_BABATUNJI018,317.92
NCN54_BABATUNJI035,2543.36
NCN54_BABATUNJI045,8901.75
NCN54_BABATUNJI046,3497.11
NCN55_BABATUNJI018,635.84
NCN55_BABATUNJI049,8901.75
NCO02_BABATUNJI017,6994.23
NCO02_BABATUNJI018,938.78
NCO02_BABATUNJI027,4068.04
NCO02_BABATUNJI035,9700.71
NCO02_BABATUNJI045,782.32
NCO02_BABATUNJI049,6258.52
NCO05_BABATUNJI017,9387.78
NCO05_BABATUNJI018,7823.15
NCO05_BABATUNJI027,7040.84
NCO05_BABATUNJI045,6649.68
NCO06_BABATUNJI018,8092.8
NCO06_BABATUNJI027,1556.31
NCO06_BABATUNJI035,1123.54
NCO06_BABATUNJI046,6366.71
NCO07_BABATUNJI046,4494.15
NCO14_BABATUNJI017,2996.1
NCO14_BABATUNJI027,2210.46
NCO14_BABATUNJI035,13262.74
NCO17_BABATUNJI027,14367.96
NCO17_BABATUNJI035,6827.78
NCO18_BABATUNJI013,2438.49
NCO26_BABATUNJI035,20971.04
NCO26_BABATUNJI045,11704.76
NCO30_BABATUNJI013,6827.78
NCO41_BABATUNJI017,10729.37
NCO41_BABATUNJI027,169.78
NCO41_BABATUNJI035,848.9
NCO41_BABATUNJI045,1323.28
NCO43_BABATUNJI017,9704.04
NCO43_BABATUNJI018,10333.22
NCO43_BABATUNJI045,369.52
NCO54_BABATUNJI017,2586.63
NCO54_BABATUNJI018,8532.23
NCO54_BABATUNJI019,6980.91
NCO54_BABATUNJI027,9695.71
NCO54_BABATUNJI045,5817.43
NCO54_BABATUNJI046,316.26
NCO54_BABATUNJI049,7273.87
NCO55_BABATUNJI019,14336.34
NCO55_BABATUNJI027,1483.07
NCO55_BABATUNJI045,2966.14
NCP02_BABATUNJI018,6426.63
NCP02_BABATUNJI027,409.47
NCP14_BABATUNJI017,409.47
NCP17_BABATUNJI018,6426.63
NCP17_BABATUNJI027,12358.91
NCP17_BABATUNJI046,1483.07
NCP17_BABATUNJI049,6920.99
NCP29_BABATUNJI018,2471.78
NCP29_BABATUNJI027,1847.6
NCP29_BABATUNJI035,4760.47
NCP29_BABATUNJI046,5236.52
NCP30_BABATUNJI017,11425.13
NCP30_BABATUNJI027,4760.47
NCP30_BABATUNJI035,4284.42
NCP30_BABATUNJI045,11734.73
NCP30_BABATUNJI049,2816.33
NCP41_BABATUNJI019,18775.56
NCP50_BABATUNJI017,7040.84
NCP50_BABATUNJI018,9857.17
NCP50_BABATUNJI019,6102.06
NCP50_BABATUNJI027,7340.45
NCP50_BABATUNJI035,2097.27
NCP50_BABATUNJI046,6641.36
NCP53_BABATUNJI013,1398.18
NCP53_BABATUNJI018,3495.45
NCP54_BABATUNJI035,8738.63
NCP55_BABATUNJI017,4439.22
NCP55_BABATUNJI019,392.82
NCP55_BABATUNJI035,1964.11
NCP55_BABATUNJI045,6774.52
NCQ02_BABATUNJI013,2771.39
NCQ06_BABATUNJI013,5234.85
NCQ06_BABATUNJI018,2463.46
NCQ06_BABATUNJI046,5234.85
NCQ06_BABATUNJI049,414.46
NCQ18_BABATUNJI017,2486.76
NCQ18_BABATUNJI027,4559.07
NCQ18_BABATUNJI035,3730.14
NCQ29_BABATUNJI046,13677.2
NCQ30_BABATUNJI045,6631.37
NCQ38_BABATUNJI017,10016.96
NCQ38_BABATUNJI019,7070.8
NCQ38_BABATUNJI035,2651.55
NCQ38_BABATUNJI045,5008.48
NCQ41_BABATUNJI010,9797.25
NCQ41_BABATUNJI013,4717.19
NCQ42_BABATUNJI027,6168.64
NCQ43_BABATUNJI017,808.95
NCQ43_BABATUNJI019,16178.94
NCQ43_BABATUNJI027,7640.06
NCQ43_BABATUNJI045,18426.02
NCQ50_BABATUNJI013,12134.21
NCQ50_BABATUNJI046,3595.32
NCQ53_BABATUNJI013,5842.4
NCQ53_BABATUNJI018,10765.99
NCQ53_BABATUNJI046,3914.9
NCQ53_BABATUNJI049,3914.9
NCR05_BABATUNJI013,8708.66
NCR05_BABATUNJI046,9797.25
NCR06_BABATUNJI035,6383.36
NCR06_BABATUNJI046,5892.33
NCR06_BABATUNJI049,982.06
NCR17_BABATUNJI027,13748.77
NCR17_BABATUNJI035,6874.39
NCR17_BABATUNJI045,8347.47
NCR18_BABATUNJI017,8347.47
NCR18_BABATUNJI018,3811.71
NCR18_BABATUNJI027,381.17
NCR18_BABATUNJI046,5717.56
NCR18_BABATUNJI049,4192.88
NCR29_BABATUNJI018,6571.45
NCR29_BABATUNJI027,9074.85
NCR29_BABATUNJI035,625.85
NCR29_BABATUNJI045,9700.71
NCR30_BABATUNJI018,4965.2
NCR30_BABATUNJI019,7839.8
NCR30_BABATUNJI045,2613.27
NCR30_BABATUNJI049,3570.35
NCR38_BABATUNJI046,3570.35
NCR38_BABATUNJI049,221.38
NCR41_BABATUNJI017,3763.43
NCR41_BABATUNJI018,4648.95
NCR41_BABATUNJI027,3195.84
NCR41_BABATUNJI045,2929.52
NCR42_BABATUNJI017,3462.16
NCR42_BABATUNJI045,198.08
NCR53_BABATUNJI010,1980.76
NCR53_BABATUNJI013,1323.28
NCR53_BABATUNJI018,13673.87
NCR54_BABATUNJI013,2476.78
NCR54_BABATUNJI046,362.86
NCS05_BABATUNJI027,3991.47
NCS06_BABATUNJI013,8708.66
NCS06_BABATUNJI018,10160.11
NCS06_BABATUNJI035,2177.17
NCS06_BABATUNJI045,7257.22
NCS06_BABATUNJI046,2177.17
NCS17_BABATUNJI017,778.99
NCS17_BABATUNJI018,2207.13
NCS17_BABATUNJI027,5938.94
NCS18_BABATUNJI045,8166.04
NCS29_BABATUNJI013,7052.49
NCS29_BABATUNJI027,7120.73
NCS29_BABATUNJI035,2067.31
NCS29_BABATUNJI049,3445.52
NCS38_BABATUNJI027,549.29
NCS38_BABATUNJI045,4394.28
NCS42_BABATUNJI017,3021.07
NCS42_BABATUNJI035,3021.07
NCS54_BABATUNJI013,923.8
NCT05_BABATUNJI013,7390.38
NCT05_BABATUNJI018,4272.77
NCT05_BABATUNJI046,3518.75
NCT17_BABATUNJI013,15519.8
NCT29_BABATUNJI027,14411.24
NCT29_BABATUNJI045,2123.9
NCT30_BABATUNJI017,121.51
NCT30_BABATUNJI018,1336.59
NCT30_BABATUNJI019,639.17
NCT30_BABATUNJI035,7227.26
NCT30_BABATUNJI049,1111.89
NCT54_BABATUNJI017,3891.6
NCT54_BABATUNJI018,11118.86
NCT54_BABATUNJI035,7783.2
NCU05_BABATUNJI018,6671.32
NCU05_BABATUNJI027,8532.23
NCU05_BABATUNJI035,387.83
NCU05_BABATUNJI045,3490.46
NCU05_BABATUNJI049,8144.4
NCU06_BABATUNJI013,5041.77
NCU06_BABATUNJI049,3878.29
NCU17_BABATUNJI017,11255.35
NCU17_BABATUNJI018,14680.89
NCU17_BABATUNJI027,6851.08
NCU17_BABATUNJI035,2446.82
NCU17_BABATUNJI045,6469.91
NCU41_BABATUNJI013,5474.54
NCU54_BABATUNJI010,9953.71
NCU54_BABATUNJI046,6469.91
NCV06_BABATUNJI013,429.44
NCV06_BABATUNJI046,3006.09
NCV18_BABATUNJI035,5060.08
NCV18_BABATUNJI045,2130.56
NCV29_BABATUNJI010,9113.14
NCV29_BABATUNJI013,1215.09
NCV30_BABATUNJI018,20656.45
NCV30_BABATUNJI027,10935.77
NCV30_BABATUNJI045,7290.51
NCV30_BABATUNJI046,5028.45
NCV41_BABATUNJI017,134.82
NCV41_BABATUNJI027,10586.22
NCV41_BABATUNJI045,3528.74
NCV42_BABATUNJI017,441.09
NCV53_BABATUNJI010,11909.5
NCV53_BABATUNJI013,3087.65
NCV53_BABATUNJI018,5293.11
NCV53_BABATUNJI046,356.2
NCV54_BABATUNJI027,2849.62
NCV54_BABATUNJI035,8192.67
NCV54_BABATUNJI045,12110.9
NCW05_BABATUNJI045,17077.77
NCW06_BABATUNJI010,8538.89
NCW17_BABATUNJI027,426.11
NCW18_BABATUNJI013,8948.35
NCW18_BABATUNJI049,4687.23
NCW29_BABATUNJI027,6391.68
NCW42_BABATUNJI010,5965.57
NCW42_BABATUNJI018,6989.24
NCW53_BABATUNJI013,6621.38
NCW54_BABATUNJI018,4046.4
NCW54_BABATUNJI045,10299.93
NCW54_BABATUNJI046,10299.93
NCW54_BABATUNJI049,2207.13
NCX05_BABATUNJI027,978.73
NCX05_BABATUNJI035,609.21
NCX05_BABATUNJI045,8833.5
NCX17_BABATUNJI018,913.81
NCX18_BABATUNJI010,1827.62
NCX18_BABATUNJI046,6092.07
NCX30_BABATUNJI013,1007.02
NCX30_BABATUNJI018,12984.76
NCX30_BABATUNJI046,3134.25
NCX41_BABATUNJI010,2238.75
NCX41_BABATUNJI046,10298.26
NCX54_BABATUNJI017,5373.01
NCX54_BABATUNJI027,7164.01
NCX54_BABATUNJI035,1791.0
NCX54_BABATUNJI045,5820.76
NCY05_BABATUNJI017,7520.21
NCY05_BABATUNJI027,2924.53
NCY05_BABATUNJI045,3760.11
NCY05_BABATUNJI046,835.58
NCY05_BABATUNJI049,5013.47
NCY06_BABATUNJI027,3760.11
NCY17_BABATUNJI035,3760.11
NCY17_BABATUNJI045,5859.04
NCY17_BABATUNJI046,6391.68
NCY17_BABATUNJI049,17044.48
NCY18_BABATUNJI013,9587.52
NCY29_BABATUNJI017,4522.45
NCY29_BABATUNJI018,11922.81
NCY29_BABATUNJI019,9867.16
NCY29_BABATUNJI027,10689.42
NCY29_BABATUNJI035,13695.51
NCY29_BABATUNJI045,16808.12
NCY29_BABATUNJI046,6734.57
NCY30_BABATUNJI013,14431.22
NCY41_BABATUNJI017,18760.58
NCY41_BABATUNJI027,13950.17
NCY41_BABATUNJI035,12988.09
NCY41_BABATUNJI045,7526.87
NCY41_BABATUNJI046,11068.93
NCY41_BABATUNJI049,4870.33
NCY53_BABATUNJI017,9740.65
NCY53_BABATUNJI027,9740.65
NCZ05_BABATUNJI019,4234.49
NCZ05_BABATUNJI035,2748.09
NCZ06_BABATUNJI013,8380.76
NCZ06_BABATUNJI018,7939.67
NCZ06_BABATUNJI046,291.29
NCZ06_BABATUNJI049,3786.74
NCZ17_BABATUNJI017,6990.9
NCZ17_BABATUNJI018,3375.61
NCZ17_BABATUNJI027,226.37
NCZ17_BABATUNJI045,452.74
NCZ17_BABATUNJI046,1318.28
NCZ18_BABATUNJI018,9612.49
NCZ18_BABATUNJI046,11443.44
NCZ18_BABATUNJI049,5950.59
NCZ29_BABATUNJI045,6408.33
NCZ30_BABATUNJI027,10070.23
NCZ30_BABATUNJI035,6766.19
NCZ30_BABATUNJI045,902.16
NCZ41_BABATUNJI045,3157.56
NCZ42_BABATUNJI010,8570.51
NCZ42_BABATUNJI013,5412.95
NCZ42_BABATUNJI049,2646.56
NCZ53_BABATUNJI010,441.09
NCZ53_BABATUNJI013,11909.5
